{"stat.chestOpened":12,"stat.pickup.minecraft.sand":12,"stat.killEntity.Bat":1,"stat.walkOneCm":87818,"stat.useItem.minecraft.torch":9,"stat.useItem.minecraft.lever":1,"achievement.openInventory":5,"stat.drop.minecraft.wheat":1,"stat.leaveGame":1,"stat.mineBlock.minecraft.vine":4,"stat.useItem.minecraft.wheat_seeds":53,"stat.useItem.minecraft.log":3,"stat.damageTaken":355,"stat.furnaceInteraction":2,"stat.mineBlock.minecraft.torch":9,"stat.mobKills":2,"stat.mineBlock.minecraft.log":10,"stat.pickup.minecraft.dye":2,"stat.entityKilledBy.Creeper":1,"stat.pickup.minecraft.log":10,"stat.flyOneCm":394,"stat.pickup.minecraft.lever":1,"stat.deaths":1,"stat.pickup.minecraft.wheat_seeds":86,"stat.drop":1,"stat.jump":267,"stat.mineBlock.minecraft.leaves":43,"stat.swimOneCm":1075,"stat.mineBlock.minecraft.sand":8,"stat.playOneMinute":65778,"stat.fallOneCm":5276,"stat.climbOneCm":7252,"stat.pickup.minecraft.torch":9,"stat.pickup.minecraft.gunpowder":14,"stat.damageDealt":216,"stat.timeSinceDeath":507,"achievement.mineWood":10,"stat.pickup.minecraft.sapling":5,"stat.killEntity.Squid":1,"stat.mineBlock.minecraft.lever":1,"stat.sprintOneCm":684,"achievement.exploreAllBiomes":{"value":0,"progress":["Jungle","River","JungleHills"]},"stat.pickup.minecraft.apple":1,"stat.mineBlock.minecraft.tallgrass":4,"stat.diveOneCm":10479,"stat.pickup.minecraft.wheat":47,"stat.craftingTableInteraction":4}