{"stat.useItem.minecraft.bow":428,"stat.craftItem.minecraft.acacia_boat":1,"stat.leaveGame":119,"stat.drop.minecraft.gunpowder":3,"stat.pickup.minecraft.jungle_fence":44,"stat.drop.minecraft.redstone":1,"stat.mineBlock.minecraft.sandstone":1112,"stat.craftItem.minecraft.ender_eye":10,"stat.killEntity.PigZombie":73,"stat.drop.minecraft.enchanted_book":1,"stat.mineBlock.minecraft.web":31,"stat.drop.minecraft.feather":1,"stat.drop.minecraft.iron_sword":3,"stat.pickup.minecraft.rotten_flesh":602,"stat.useItem.minecraft.sandstone_stairs":262,"stat.craftItem.minecraft.stone_axe":6,"stat.useItem.minecraft.vine":1,"stat.pickup.minecraft.cobblestone_wall":11,"stat.pickup.minecraft.bucket":5,"stat.killEntity.Enderman":6,"stat.useItem.minecraft.anvil":1,"stat.craftItem.minecraft.iron_shovel":1,"stat.pickup.minecraft.brown_mushroom":1,"stat.killEntity.Witch":4,"stat.drop.minecraft.sand":33,"stat.useItem.minecraft.iron_pickaxe":1789,"stat.pickup.minecraft.stained_hardened_clay":23,"stat.craftItem.minecraft.wooden_pickaxe":2,"stat.useItem.minecraft.iron_shovel":257,"stat.mineBlock.minecraft.vine":49,"stat.pickup.minecraft.wooden_shovel":3,"stat.furnaceInteraction":221,"stat.drop.minecraft.gravel":80,"stat.useItem.minecraft.nether_wart":60,"stat.killEntity.ZombieVillager":4,"stat.pickup.minecraft.nether_brick":16,"stat.drop.minecraft.red_flower":3,"stat.pickup.minecraft.beef":1192,"stat.drop.minecraft.cactus":28,"stat.craftItem.minecraft.golden_leggings":1,"stat.mineBlock.minecraft.stained_hardened_clay":22,"stat.useItem.minecraft.fence":326,"stat.pickup.minecraft.potion":1,"stat.useItem.minecraft.flint_and_steel":151,"stat.mineBlock.minecraft.fence":147,"stat.useItem.minecraft.wheat_seeds":1912,"stat.killEntity.Husk":24,"stat.pickup.minecraft.emerald":30,"stat.useItem.minecraft.beef":1,"stat.deaths":30,"stat.pickup.minecraft.egg":25,"stat.drop.minecraft.golden_pickaxe":1,"stat.useItem.minecraft.nether_brick":2,"stat.craftItem.minecraft.iron_pickaxe":8,"stat.drop.minecraft.torch":45,"stat.mineBlock.minecraft.tallgrass":163,"stat.craftItem.minecraft.cooked_mutton":23,"stat.breakItem.minecraft.golden_pickaxe":1,"stat.pickup.minecraft.cooked_mutton":13,"stat.chestOpened":1825,"stat.craftItem.minecraft.sign":9,"stat.useItem.minecraft.stone":331,"stat.useItem.minecraft.jungle_fence":100,"stat.pickup.minecraft.arrow":506,"stat.pickup.minecraft.iron_sword":18,"stat.craftItem.minecraft.quartz_block":110,"stat.pickup.minecraft.gold_nugget":60,"stat.drop.minecraft.iron_pickaxe":7,"stat.pickup.minecraft.carrot":86,"stat.drop.minecraft.stone_sword":14,"stat.crouchOneCm":819,"stat.mineBlock.minecraft.chest":18,"stat.craftItem.minecraft.iron_ingot":137,"stat.craftingTableInteraction":360,"stat.mineBlock.minecraft.log2":30,"stat.useItem.minecraft.reeds":14,"stat.pickup.minecraft.dye":457,"stat.mineBlock.minecraft.jungle_fence":21,"stat.pickup.minecraft.planks":630,"stat.pickup.minecraft.wheat_seeds":3550,"stat.mineBlock.minecraft.glass":130,"stat.useItem.minecraft.enchanting_table":1,"stat.mineBlock.minecraft.dirt":1650,"stat.pickup.minecraft.poisonous_potato":3,"stat.useItem.minecraft.bread":90,"stat.drop.minecraft.rotten_flesh":156,"stat.useItem.minecraft.cobblestone":4701,"stat.pickup.minecraft.magma":51,"stat.useItem.minecraft.gravel":70,"stat.mineBlock.minecraft.double_plant":1,"stat.useItem.minecraft.jungle_fence_gate":1,"stat.drop.minecraft.chicken":2,"stat.pickup.minecraft.iron_pickaxe":15,"stat.drop.minecraft.carrot":16,"stat.craftItem.minecraft.gold_ingot":9,"stat.drop.minecraft.sapling":8,"stat.pickup.minecraft.chicken":30,"stat.craftItem.minecraft.brewing_stand":1,"stat.useItem.minecraft.tallgrass":17,"stat.pickup.minecraft.apple":2,"stat.breakItem.minecraft.stone_shovel":30,"stat.craftItem.minecraft.bucket":3,"stat.craftItem.minecraft.planks":1836,"stat.useItem.minecraft.iron_sword":1457,"stat.itemEnchanted":28,"stat.useItem.minecraft.acacia_boat":4,"stat.pickup.minecraft.stone_sword":21,"stat.useItem.minecraft.stonebrick":3,"stat.pickup.minecraft.book":178,"stat.mineBlock.minecraft.log":218,"stat.craftItem.minecraft.wooden_door":180,"stat.useItem.minecraft.wooden_door":175,"stat.pickup.minecraft.iron_door":1,"stat.craftItem.minecraft.paper":36,"stat.pickup.minecraft.red_flower":3,"stat.pickup.minecraft.wool":16,"stat.useItem.minecraft.wooden_axe":56,"stat.cakeSlicesEaten":3,"stat.pickup.minecraft.bookshelf":30,"stat.drop.minecraft.stone_shovel":3,"stat.mineBlock.minecraft.cobblestone":927,"stat.pickup.minecraft.stone_pickaxe":35,"stat.pickup.minecraft.flint":37,"stat.mineBlock.minecraft.yellow_flower":1,"stat.craftItem.minecraft.wool":1,"stat.pickup.minecraft.enchanted_book":10,"stat.drop.minecraft.cobblestone":139,"stat.breakItem.minecraft.iron_pickaxe":8,"stat.craftItem.minecraft.arrow":72,"stat.useItem.minecraft.obsidian":63,"stat.useItem.minecraft.cookie":4,"stat.pickup.minecraft.bow":32,"stat.pickup.minecraft.iron_boots":11,"stat.pickup.minecraft.stone_hoe":8,"stat.craftItem.minecraft.furnace":4,"stat.craftItem.minecraft.iron_boots":8,"stat.craftItem.minecraft.cooked_beef":936,"stat.mineBlock.minecraft.obsidian":95,"stat.pickup.minecraft.shears":3,"stat.craftItem.minecraft.bow":23,"stat.mineBlock.minecraft.clay":1,"stat.flyOneCm":917381,"stat.drop.minecraft.iron_helmet":3,"stat.pickup.minecraft.sandstone":1116,"stat.timeSinceDeath":111268,"stat.drop.minecraft.spider_eye":5,"stat.useItem.minecraft.iron_door":1,"stat.craftItem.minecraft.iron_block":5,"stat.killEntity.Bat":1,"stat.useItem.minecraft.potato":133,"stat.pickup.minecraft.nether_wart":201,"stat.pickup.minecraft.spruce_fence":1,"stat.drop.minecraft.flint_and_steel":2,"stat.mineBlock.minecraft.coal_ore":180,"stat.drop.minecraft.wool":3,"stat.killEntity.Creeper":16,"stat.craftItem.minecraft.stone_hoe":4,"stat.talkedToVillager":570,"stat.breakItem.minecraft.iron_sword":4,"stat.pickup.minecraft.string":110,"stat.mineBlock.minecraft.ladder":25,"stat.useItem.minecraft.milk_bucket":6,"stat.entityKilledBy.Skeleton":3,"stat.drop.minecraft.obsidian":1,"stat.drop.minecraft.jungle_stairs":1,"stat.killEntity.Squid":1,"stat.sprintOneCm":8304287,"stat.drop.minecraft.leather":4,"stat.mineBlock.minecraft.stone_slab":7,"stat.drop.minecraft.stone_hoe":2,"stat.mineBlock.minecraft.diamond_ore":3,"stat.pickup.minecraft.sugar":6,"stat.pickup.minecraft.vine":24,"stat.craftItem.minecraft.golden_sword":10,"stat.craftItem.minecraft.leather_chestplate":1,"stat.useItem.minecraft.cake":1,"stat.breakItem.minecraft.iron_shovel":1,"stat.useItem.minecraft.ladder":182,"stat.craftItem.minecraft.emerald":127,"stat.killEntity.Zombie":123,"stat.craftItem.minecraft.dye":4,"stat.craftItem.minecraft.sandstone_stairs":220,"stat.mineBlock.minecraft.gold_ore":24,"stat.diveOneCm":312923,"stat.drop.minecraft.diamond_pickaxe":1,"stat.pickup.minecraft.wheat":2254,"stat.craftItem.minecraft.sandstone":716,"stat.mineBlock.minecraft.mossy_cobblestone":3,"stat.craftItem.minecraft.ladder":168,"stat.pickup.minecraft.sign":23,"stat.craftItem.minecraft.cooked_porkchop":5,"stat.drop.minecraft.ladder":75,"stat.pickup.minecraft.stone_axe":10,"stat.pickup.minecraft.obsidian":102,"stat.useItem.minecraft.rotten_flesh":194,"stat.craftItem.minecraft.diamond_sword":1,"stat.drop.minecraft.sandstone":21,"stat.jump":22843,"stat.useItem.minecraft.sand":743,"stat.pickup.minecraft.coal":510,"stat.pickup.minecraft.iron_ingot":24,"stat.drop.minecraft.diamond_sword":2,"stat.pickup.minecraft.gunpowder":18,"stat.craftItem.minecraft.torch":1192,"stat.pickup.minecraft.dirt":2077,"stat.useItem.minecraft.glass":18,"stat.pickup.minecraft.stone_shovel":3,"stat.pickup.minecraft.gold_ore":23,"stat.useItem.minecraft.sapling":1,"stat.mineBlock.minecraft.lapis_ore":20,"stat.brewingstandInteraction":2,"stat.damageTaken":23989,"stat.mineBlock.minecraft.torch":321,"stat.mineBlock.minecraft.melon_block":1,"stat.mineBlock.minecraft.red_flower":5,"stat.tradedWithVillager":170,"stat.useItem.minecraft.acacia_door":14,"stat.mineBlock.minecraft.sapling":1,"stat.pickup.minecraft.magma_cream":1,"stat.pickup.minecraft.log2":28,"stat.mineBlock.minecraft.sandstone_stairs":91,"stat.craftItem.minecraft.glowstone":2,"stat.pickup.minecraft.bed":11,"stat.useItem.minecraft.birch_fence":71,"stat.pickup.minecraft.potato":300,"stat.mineBlock.minecraft.fence_gate":1,"stat.breakItem.minecraft.iron_leggings":1,"stat.entityKilledBy.Zombie":4,"stat.pickup.minecraft.rabbit_hide":6,"stat.killEntity.Silverfish":12,"stat.animalsBred":654,"stat.mineBlock.minecraft.birch_fence":16,"stat.useItem.minecraft.chest":20,"stat.drop.minecraft.wheat":46,"stat.pickup.minecraft.diamond_pickaxe":2,"stat.useItem.minecraft.lava_bucket":15,"stat.drop.minecraft.netherrack":137,"stat.useItem.minecraft.melon":3,"stat.craftItem.minecraft.iron_chestplate":7,"stat.drop.minecraft.potato":19,"stat.pickup.minecraft.ender_pearl":7,"stat.drop.minecraft.egg":12,"stat.breakItem.minecraft.stone_hoe":1,"stat.pickup.minecraft.ladder":257,"stat.pickup.minecraft.cooked_beef":304,"stat.useItem.minecraft.netherrack":1379,"stat.mineBlock.minecraft.tnt":9,"stat.craftItem.minecraft.bookshelf":39,"stat.mineBlock.minecraft.stonebrick":7,"stat.craftItem.minecraft.cookie":9,"stat.mineBlock.minecraft.glowstone":14,"stat.mobKills":1637,"stat.mineBlock.minecraft.bookshelf":56,"stat.craftItem.minecraft.shears":9,"stat.useItem.minecraft.mossy_cobblestone":3,"stat.craftItem.minecraft.lead":2,"stat.useItem.minecraft.cobblestone_wall":341,"stat.pickup.minecraft.diamond":3,"stat.pickup.minecraft.iron_horse_armor":1,"stat.pickup.minecraft.torch":819,"stat.drop.minecraft.stone_axe":1,"stat.drop.minecraft.arrow":18,"stat.breakItem.minecraft.stone_sword":6,"stat.useItem.minecraft.string":1,"stat.drop.minecraft.mutton":1,"stat.useItem.minecraft.bookshelf":39,"stat.useItem.minecraft.soul_sand":6,"stat.killEntity.Blaze":1,"stat.useItem.minecraft.planks":38,"stat.pickup.minecraft.glowstone_dust":39,"stat.pickup.minecraft.glass":93,"stat.useItem.minecraft.water_bucket":251,"stat.mineBlock.minecraft.red_mushroom":1,"stat.drop.minecraft.poisonous_potato":3,"stat.pickup.minecraft.sand":3434,"stat.useItem.minecraft.golden_sword":68,"stat.pickup.minecraft.name_tag":2,"stat.pickup.minecraft.wooden_hoe":1,"stat.craftItem.minecraft.cobblestone_wall":330,"stat.craftItem.minecraft.stone_sword":26,"stat.useItem.minecraft.ender_pearl":1,"stat.mineBlock.minecraft.sand":3399,"stat.craftItem.minecraft.wooden_hoe":1,"stat.craftItem.minecraft.blaze_powder":10,"stat.useItem.minecraft.fence_gate":10,"stat.drop.minecraft.golden_sword":2,"stat.breakItem.minecraft.flint_and_steel":2,"stat.drop.minecraft.stone_slab":2,"stat.pickup.minecraft.fence_gate":1,"stat.useItem.minecraft.cooked_mutton":15,"stat.pickup.minecraft.iron_chestplate":12,"stat.pickup.minecraft.acacia_door":1,"stat.drop.minecraft.pumpkin_seeds":4,"stat.pickup.minecraft.stone_stairs":7,"stat.craftItem.minecraft.fence_gate":11,"stat.pickup.minecraft.pumpkin_seeds":4,"stat.pickup.minecraft.saddle":2,"stat.mineBlock.minecraft.soul_sand":24,"stat.playOneMinute":3532767,"stat.pickup.minecraft.blaze_rod":3,"stat.drop.minecraft.string":61,"stat.useItem.minecraft.shears":1555,"stat.pickup.minecraft.netherrack":4377,"stat.mineBlock.minecraft.netherrack":3946,"stat.mineBlock.minecraft.ice":1,"stat.drop.minecraft.flint":19,"stat.pickup.minecraft.cooked_chicken":287,"stat.fallOneCm":326963,"stat.drop.minecraft.stone":65,"stat.drop.minecraft.dye":2,"stat.craftItem.minecraft.chest":9,"stat.drop.minecraft.book":10,"stat.pickup.minecraft.melon":3,"stat.pickup.minecraft.feather":24,"stat.drop.minecraft.iron_leggings":2,"stat.drop.minecraft.bone":305,"stat.pickup.minecraft.record_cat":2,"stat.useItem.minecraft.furnace":4,"stat.pickup.minecraft.iron_leggings":10,"stat.mineBlock.minecraft.spruce_fence":1,"stat.mineBlock.minecraft.gravel":119,"stat.useItem.minecraft.stone_pickaxe":8202,"stat.breakItem.minecraft.stone_axe":1,"stat.useItem.minecraft.stone_sword":2061,"stat.craftItem.minecraft.iron_leggings":6,"stat.killEntity.Rabbit":2,"stat.useItem.minecraft.wool":1,"stat.drop.minecraft.stick":57,"stat.pickup.minecraft.record_13":1,"stat.pickup.minecraft.flint_and_steel":4,"stat.useItem.minecraft.torch":1547,"stat.pickup.minecraft.golden_apple":1,"stat.useItem.minecraft.log":38,"stat.pickup.minecraft.crafting_table":14,"stat.drop.minecraft.tallgrass":16,"stat.craftItem.minecraft.crafting_table":10,"stat.pickup.minecraft.iron_hoe":1,"stat.killEntity.LavaSlime":2,"stat.pickup.minecraft.log":359,"stat.pickup.minecraft.compass":1,"stat.pickup.minecraft.tallgrass":48,"stat.drop.minecraft.planks":4,"stat.breakItem.minecraft.iron_helmet":2,"stat.pickup.minecraft.sapling":36,"stat.pickup.minecraft.wooden_door":30,"stat.entityKilledBy.Enderman":3,"stat.drop.minecraft.bow":10,"stat.useItem.minecraft.jungle_door":7,"stat.pickup.minecraft.golden_sword":15,"stat.craftItem.minecraft.cooked_chicken":23,"stat.useItem.minecraft.stone_hoe":228,"stat.craftItem.minecraft.sugar":1,"stat.sneakTime":354,"stat.mineBlock.minecraft.cobblestone_wall":11,"stat.drop.minecraft.bucket":2,"stat.entityKilledBy.Blaze":1,"stat.pickup.minecraft.stone_slab":15,"stat.useItem.minecraft.brewing_stand":1,"stat.pickup.minecraft.yellow_flower":1,"stat.pickup.minecraft.chest":15,"stat.craftItem.minecraft.jungle_door":5,"stat.craftItem.minecraft.enchanting_table":1,"stat.drop.minecraft.stone_pickaxe":9,"stat.pickup.minecraft.bone":380,"stat.pickup.minecraft.stone_pressure_plate":1,"stat.mineBlock.minecraft.brown_mushroom":3,"stat.useItem.minecraft.diamond_sword":274,"stat.swimOneCm":367599,"stat.climbOneCm":645094,"stat.useItem.minecraft.dirt":1038,"stat.drop.minecraft.quartz":10,"stat.useItem.minecraft.golden_pickaxe":59,"stat.craftItem.minecraft.stone_pickaxe":75,"stat.mineBlock.minecraft.magma":56,"stat.pickup.minecraft.cobblestone":4599,"stat.drop.minecraft.fence":26,"stat.useItem.minecraft.stone_shovel":4197,"stat.drop.minecraft.rabbit_hide":6,"stat.pickup.minecraft.glass_bottle":2,"stat.pickup.minecraft.soul_sand":24,"stat.drop.minecraft.wheat_seeds":296,"stat.useItem.minecraft.cooked_beef":80,"stat.pickup.minecraft.cactus":35,"stat.pickup.minecraft.golden_pickaxe":2,"stat.pickup.minecraft.redstone":13,"stat.pickup.minecraft.acacia_boat":5,"stat.mineBlock.minecraft.iron_ore":325,"stat.craftItem.minecraft.book":1,"stat.craftItem.minecraft.acacia_door":15,"stat.useItem.minecraft.sign":34,"stat.drop.minecraft.log":1,"stat.pickup.minecraft.mutton":19,"stat.pickup.minecraft.mossy_cobblestone":14,"stat.craftItem.minecraft.cake":1,"stat.drop.minecraft.coal":71,"stat.breakItem.minecraft.golden_sword":2,"stat.pickup.minecraft.stonebrick":7,"stat.drop.minecraft.dirt":125,"stat.useItem.minecraft.cooked_porkchop":1,"stat.pickup.minecraft.iron_shovel":1,"stat.mineBlock.minecraft.nether_brick":18,"stat.pickup.minecraft.jungle_stairs":1,"stat.drop.minecraft.compass":1,"stat.useItem.minecraft.spruce_fence":1,"stat.pickup.minecraft.sandstone_stairs":146,"stat.pickup.minecraft.paper":128,"stat.craftItem.minecraft.stick":1520,"stat.useItem.minecraft.stone_slab":8,"stat.craftItem.minecraft.jungle_fence_gate":1,"stat.useItem.minecraft.bed":7,"stat.craftItem.minecraft.stone":2,"stat.mineBlock.minecraft.crafting_table":13,"stat.drop.minecraft.leaves":105,"stat.useItem.minecraft.diamond_pickaxe":425,"stat.useItem.minecraft.carrot":67,"stat.useItem.minecraft.ender_eye":10,"stat.useItem.minecraft.wooden_shovel":10,"stat.pickup.minecraft.golden_horse_armor":1,"stat.useItem.minecraft.bucket":269,"stat.entityKilledBy.Creeper":1,"stat.breakItem.minecraft.shears":5,"stat.mineBlock.minecraft.planks":12,"stat.drop":474,"stat.pickup.minecraft.stone_button":1,"stat.killEntity.Sheep":14,"stat.pickup.minecraft.slime_ball":1,"stat.drop.minecraft.iron_boots":3,"stat.craftItem.minecraft.diamond_pickaxe":2,"stat.drop.minecraft.bread":22,"stat.pickup.minecraft.gravel":255,"stat.drop.minecraft.cooked_beef":26,"stat.killEntity.Slime":2,"stat.useItem.minecraft.apple":1,"stat.mineBlock.minecraft.deadbush":12,"stat.pickup.minecraft.diamond_sword":3,"stat.useItem.minecraft.wooden_hoe":2,"stat.pickup.minecraft.fence":230,"stat.pickup.minecraft.iron_helmet":6,"stat.useItem.minecraft.stone_axe":437,"stat.craftItem.minecraft.bread":110,"stat.pickup.minecraft.spider_eye":12,"stat.craftItem.minecraft.iron_helmet":8,"stat.useItem.minecraft.stone_button":1,"stat.useItem.minecraft.cooked_chicken":155,"stat.pickup.minecraft.iron_ore":335,"stat.boatOneCm":30705,"stat.craftItem.minecraft.flint_and_steel":6,"stat.pickup.minecraft.leaves":1513,"stat.mineBlock.minecraft.leaves2":88,"stat.mineBlock.minecraft.stone_stairs":8,"stat.pickup.minecraft.leather":969,"stat.useItem.minecraft.wooden_pickaxe":181,"stat.pickup.minecraft.reeds":59,"stat.craftItem.minecraft.birch_fence":24,"stat.damageDealt":151341,"stat.craftItem.minecraft.glass":155,"stat.drop.minecraft.cooked_chicken":67,"stat.sleepInBed":17,"stat.craftItem.minecraft.anvil":1,"stat.killEntity.Cow":558,"stat.useItem.minecraft.crafting_table":22,"stat.craftItem.minecraft.iron_sword":9,"stat.craftItem.minecraft.stone_shovel":35,"stat.walkOneCm":13406816,"stat.pickup.minecraft.stick":435,"stat.pickup.minecraft.clay_ball":32,"stat.breakItem.minecraft.stone_pickaxe":56,"stat.pickup.minecraft.tnt":9,"stat.drop.minecraft.iron_chestplate":5,"stat.pickup.minecraft.stone":738,"stat.mineBlock.minecraft.wool":1,"stat.craftItem.minecraft.redstone":28,"stat.useItem.minecraft.cactus":3,"stat.pickup.minecraft.gold_ingot":12,"stat.killEntity.Skeleton":741,"stat.mineBlock.minecraft.cactus":14,"stat.killEntity.Chicken":30,"stat.drop.minecraft.crafting_table":1,"stat.killEntity.Spider":20,"stat.pickup.minecraft.bread":70,"stat.mineBlock.minecraft.quartz_ore":320,"stat.pickup.minecraft.quartz":312,"stat.craftItem.minecraft.fence":252,"stat.pickup.minecraft.birch_fence":20,"stat.craftItem.minecraft.jungle_fence":81,"stat.pickup.minecraft.water_bucket":7,"stat.mineBlock.minecraft.leaves":1865,"stat.mineBlock.minecraft.redstone_ore":6,"stat.pickup.minecraft.lava_bucket":1,"stat.drop.minecraft.beef":2,"stat.mineBlock.minecraft.stone":2917,"stat.breakItem.minecraft.wooden_pickaxe":2,"stat.useItem.minecraft.sandstone":1065}