{"stat.chestOpened":3,"stat.walkOneCm":51227,"stat.leaveGame":2,"stat.useItem.minecraft.wheat_seeds":9,"stat.damageTaken":20,"stat.flyOneCm":144,"stat.pickup.minecraft.wheat_seeds":9,"stat.jump":248,"stat.mineBlock.minecraft.leaves":1,"stat.swimOneCm":10812,"stat.playOneMinute":10828,"stat.fallOneCm":1306,"stat.climbOneCm":1898,"stat.sneakTime":184,"stat.craftItem.minecraft.bread":1,"stat.crouchOneCm":746,"stat.timeSinceDeath":10828,"stat.sprintOneCm":206,"achievement.exploreAllBiomes":{"value":0,"progress":["Jungle","River","JungleHills","JungleEdge"]},"stat.diveOneCm":6617,"stat.pickup.minecraft.wheat":3,"stat.craftingTableInteraction":2}