{"stat.chestOpened":82,"stat.useItem.minecraft.bow":39,"stat.pickup.minecraft.bone":3,"stat.leaveGame":4,"stat.pickup.minecraft.gravel":1,"stat.pickup.minecraft.arrow":3,"stat.mineBlock.minecraft.cobblestone":3,"stat.jump":769,"stat.swimOneCm":26245,"stat.useItem.minecraft.sand":2,"stat.pickup.minecraft.coal":7,"stat.pickup.minecraft.cooked_chicken":128,"stat.climbOneCm":24202,"stat.fallOneCm":12828,"stat.useItem.minecraft.planks":1,"stat.pickup.minecraft.iron_ingot":1,"stat.pickup.minecraft.gunpowder":2,"stat.pickup.minecraft.dirt":2,"stat.useItem.minecraft.cooked_chicken":17,"stat.craftingTableInteraction":5,"stat.pickup.minecraft.rotten_flesh":9,"stat.drop.minecraft.poisonous_potato":2,"stat.pickup.minecraft.stone_hoe":1,"stat.pickup.minecraft.sand":5,"stat.useItem.minecraft.golden_sword":18,"stat.craftItem.minecraft.stone_axe":5,"stat.damageTaken":1344,"stat.craftItem.minecraft.stone_pickaxe":4,"stat.mineBlock.minecraft.torch":1,"stat.pickup.minecraft.cobblestone":24,"stat.pickup.minecraft.planks":1,"stat.flyOneCm":39391,"stat.pickup.minecraft.wheat_seeds":1,"stat.mineBlock.minecraft.sand":6,"stat.pickup.minecraft.potato":261,"stat.breakItem.minecraft.iron_leggings":1,"stat.drop.minecraft.sand":1,"stat.useItem.minecraft.stone_pickaxe":12,"stat.useItem.minecraft.cooked_beef":4,"stat.useItem.minecraft.stone_sword":5,"stat.damageDealt":1712,"stat.timeSinceDeath":49663,"stat.pickup.minecraft.mutton":1,"stat.pickup.minecraft.poisonous_potato":2,"stat.craftItem.minecraft.stone_shovel":2,"stat.killEntity.Bat":1,"stat.walkOneCm":427880,"stat.useItem.minecraft.potato":95,"stat.breakItem.minecraft.golden_sword":2,"stat.mineBlock.minecraft.vine":3,"stat.useItem.minecraft.cobblestone":8,"stat.useItem.minecraft.gravel":1,"stat.mineBlock.minecraft.coal_ore":7,"stat.killEntity.Creeper":2,"stat.craftItem.minecraft.stone_hoe":1,"stat.talkedToVillager":9,"stat.entityKilledBy.Skeleton":1,"stat.drop.minecraft.potato":166,"stat.sprintOneCm":371599,"stat.craftItem.minecraft.stick":36,"stat.killEntity.Skeleton":2,"stat.craftItem.minecraft.planks":64,"stat.useItem.minecraft.iron_sword":46,"stat.pickup.minecraft.stone_sword":1,"stat.mobKills":18,"stat.pickup.minecraft.emerald":18,"stat.deaths":1,"stat.mineBlock.minecraft.planks":1,"stat.drop":6,"stat.mineBlock.minecraft.leaves":5,"stat.playOneMinute":95400,"stat.pickup.minecraft.torch":2,"stat.killEntity.Sheep":1,"stat.killEntity.Zombie":11,"stat.mineBlock.minecraft.tallgrass":2,"stat.diveOneCm":3243}