{"stat.chestOpened":2,"stat.useItem.minecraft.stone":84,"stat.pickup.minecraft.gravel":9,"stat.leaveGame":1,"stat.mineBlock.minecraft.cobblestone":9,"stat.mineBlock.minecraft.yellow_flower":3,"stat.jump":1369,"stat.swimOneCm":70155,"stat.pickup.minecraft.coal":60,"stat.fallOneCm":11497,"stat.climbOneCm":16131,"stat.drop.minecraft.cobblestone":512,"achievement.buildWorkBench":1,"stat.useItem.minecraft.stone_axe":30,"stat.craftItem.minecraft.bread":1,"stat.crouchOneCm":1,"stat.craftItem.minecraft.torch":96,"stat.craftItem.minecraft.iron_ingot":25,"stat.craftItem.minecraft.chest":1,"stat.pickup.minecraft.dirt":66,"stat.useItem.minecraft.dirt":53,"achievement.exploreAllBiomes":{"value":0,"progress":["Jungle","River","JungleHills","JungleEdge"]},"stat.useItem.minecraft.water_bucket":28,"stat.craftingTableInteraction":20,"stat.pickup.minecraft.iron_ore":37,"stat.pickup.minecraft.rotten_flesh":1,"stat.pickup.minecraft.sand":13,"stat.useItem.minecraft.glass":1,"stat.craftItem.minecraft.furnace":1,"stat.useItem.minecraft.egg":2,"stat.craftItem.minecraft.stone_axe":1,"stat.mineBlock.minecraft.stone_stairs":6,"stat.damageTaken":250,"stat.craftItem.minecraft.stone_pickaxe":11,"stat.mineBlock.minecraft.torch":7,"stat.useItem.minecraft.wooden_pickaxe":60,"stat.useItem.minecraft.furnace":1,"stat.pickup.minecraft.cobblestone":1978,"stat.pickup.minecraft.dye":3,"stat.pickup.minecraft.planks":49,"stat.flyOneCm":2834,"stat.pickup.minecraft.wheat_seeds":51,"stat.mineBlock.minecraft.sand":14,"stat.mineBlock.minecraft.gravel":7,"stat.useItem.minecraft.stone_pickaxe":1401,"stat.craftItem.minecraft.glass":8,"stat.damageDealt":400,"stat.mineBlock.minecraft.iron_ore":37,"stat.timeSinceDeath":12823,"stat.mineBlock.minecraft.dirt":67,"stat.useItem.minecraft.crafting_table":4,"stat.craftItem.minecraft.wooden_pickaxe":1,"stat.craftItem.minecraft.iron_sword":1,"stat.walkOneCm":668527,"stat.useItem.minecraft.torch":58,"stat.useItem.minecraft.bread":1,"stat.useItem.minecraft.chest":1,"stat.pickup.minecraft.stick":60,"stat.mineBlock.minecraft.vine":8,"stat.craftItem.minecraft.stone_stairs":64,"stat.pickup.minecraft.crafting_table":2,"stat.useItem.minecraft.cobblestone":13,"stat.craftItem.minecraft.crafting_table":2,"stat.furnaceInteraction":12,"stat.useItem.minecraft.gravel":1,"stat.mineBlock.minecraft.coal_ore":60,"stat.breakItem.minecraft.stone_pickaxe":10,"stat.killEntity.Creeper":1,"stat.craftItem.minecraft.stone_hoe":1,"stat.pickup.minecraft.log":36,"stat.pickup.minecraft.stone":298,"stat.drop.minecraft.planks":1,"achievement.buildSword":1,"achievement.mineWood":17,"stat.pickup.minecraft.sapling":5,"stat.sprintOneCm":6063,"stat.pickup.minecraft.wooden_door":1,"stat.useItem.minecraft.stone_stairs":32,"stat.craftItem.minecraft.stick":56,"stat.craftItem.minecraft.bucket":1,"achievement.openInventory":57,"stat.craftItem.minecraft.planks":56,"stat.pickup.minecraft.stone_stairs":6,"stat.useItem.minecraft.iron_sword":52,"stat.craftItem.minecraft.stone":83,"stat.useItem.minecraft.wheat_seeds":33,"stat.mineBlock.minecraft.crafting_table":2,"stat.mobKills":2,"stat.mineBlock.minecraft.log":37,"stat.craftItem.minecraft.wooden_door":3,"stat.craftItem.minecraft.shears":1,"stat.useItem.minecraft.bucket":28,"achievement.killEnemy":2,"stat.useItem.minecraft.stone_hoe":24,"stat.useItem.minecraft.wooden_door":3,"stat.deaths":1,"stat.drop":9,"stat.pickup.minecraft.egg":4,"stat.mineBlock.minecraft.leaves":132,"stat.playOneMinute":154690,"stat.pickup.minecraft.torch":10,"stat.sneakTime":14,"stat.killEntity.Zombie":1,"stat.pickup.minecraft.yellow_flower":3,"stat.mineBlock.minecraft.stone":1327,"stat.mineBlock.minecraft.tallgrass":364,"stat.diveOneCm":64458,"stat.breakItem.minecraft.wooden_pickaxe":1,"stat.pickup.minecraft.wheat":6}