{"stat.useItem.minecraft.bow":225,"stat.leaveGame":38,"stat.pickup.minecraft.jungle_fence":55,"stat.killEntity.PigZombie":14,"stat.craftItem.minecraft.stone_pressure_plate":10,"stat.entityKilledBy.PigZombie":1,"stat.drop.minecraft.iron_sword":9,"stat.pickup.minecraft.rotten_flesh":182,"stat.craftItem.minecraft.stone_axe":6,"stat.pickup.minecraft.bucket":8,"stat.killEntity.Enderman":2,"stat.craftItem.minecraft.iron_shovel":4,"stat.pickup.minecraft.brown_mushroom":6,"achievement.buildPickaxe":106,"stat.drop.minecraft.sand":11,"stat.useItem.minecraft.iron_pickaxe":11125,"stat.craftItem.minecraft.wooden_pickaxe":2,"stat.craftItem.minecraft.iron_door":9,"stat.useItem.minecraft.iron_shovel":1020,"stat.craftItem.minecraft.bed":3,"stat.mineBlock.minecraft.vine":71,"stat.pickup.minecraft.wooden_shovel":2,"stat.furnaceInteraction":359,"stat.drop.minecraft.gravel":206,"stat.killEntity.ZombieVillager":11,"stat.pickup.minecraft.beef":8,"stat.drop.minecraft.magma":34,"stat.useItem.minecraft.fence":629,"achievement.openInventory":1195,"stat.mineBlock.minecraft.fence":13,"stat.useItem.minecraft.flint_and_steel":10,"stat.useItem.minecraft.wheat_seeds":2001,"stat.useItem.minecraft.wooden_button":3,"stat.craftItem.minecraft.dropper":2,"stat.pickup.minecraft.lever":3,"stat.deaths":13,"stat.pickup.minecraft.egg":4,"stat.craftItem.minecraft.wooden_shovel":6,"stat.craftItem.minecraft.iron_pickaxe":40,"stat.drop.minecraft.torch":657,"stat.drop.minecraft.iron_ingot":13,"stat.mineBlock.minecraft.tallgrass":252,"stat.chestOpened":1122,"stat.drop.minecraft.birch_fence_gate":3,"stat.craftItem.minecraft.sign":51,"stat.useItem.minecraft.stone":2446,"stat.useItem.minecraft.jungle_fence":231,"stat.pickup.minecraft.arrow":340,"stat.pickup.minecraft.iron_sword":12,"stat.pickup.minecraft.gold_nugget":12,"stat.drop.minecraft.iron_pickaxe":4,"stat.pickup.minecraft.carrot":4,"stat.drop.minecraft.stone_sword":2,"stat.crouchOneCm":847,"achievement.killCow":2,"stat.mineBlock.minecraft.chest":6,"stat.craftItem.minecraft.iron_ingot":355,"stat.craftingTableInteraction":270,"stat.pickup.minecraft.jungle_door":4,"stat.pickup.minecraft.dye":131,"stat.mineBlock.minecraft.jungle_fence":32,"stat.pickup.minecraft.planks":1547,"stat.drop.minecraft.jungle_fence":1,"stat.pickup.minecraft.wheat_seeds":2464,"stat.mineBlock.minecraft.glass":1,"stat.mineBlock.minecraft.dirt":3545,"stat.useItem.minecraft.bread":194,"stat.drop.minecraft.rotten_flesh":132,"stat.useItem.minecraft.cobblestone":2861,"stat.pickup.minecraft.magma":38,"stat.useItem.minecraft.gravel":4,"stat.drop.minecraft.iron_door":1,"stat.pickup.minecraft.iron_pickaxe":14,"stat.drop.minecraft.iron_ore":3,"stat.drop.minecraft.carrot":2,"stat.useItem.minecraft.yellow_flower":4,"stat.craftItem.minecraft.gold_ingot":45,"stat.drop.minecraft.sapling":7,"stat.pickup.minecraft.chicken":1,"stat.pickup.minecraft.apple":4,"stat.breakItem.minecraft.stone_shovel":17,"achievement.portal":29,"stat.craftItem.minecraft.bucket":2,"stat.craftItem.minecraft.planks":3866,"stat.useItem.minecraft.iron_sword":1547,"stat.itemEnchanted":5,"stat.pickup.minecraft.stone_sword":10,"stat.useItem.minecraft.stonebrick":881,"stat.mineBlock.minecraft.log":494,"stat.craftItem.minecraft.wooden_door":6,"stat.useItem.minecraft.wooden_door":6,"achievement.acquireIron":21,"stat.pickup.minecraft.iron_door":4,"stat.pickup.minecraft.wool":11,"stat.useItem.minecraft.wooden_axe":109,"stat.pickup.minecraft.tripwire_hook":4,"stat.useItem.minecraft.iron_axe":421,"stat.drop.minecraft.stone_shovel":3,"stat.mineBlock.minecraft.cobblestone":634,"stat.pickup.minecraft.stone_pickaxe":27,"stat.pickup.minecraft.flint":75,"stat.mineBlock.minecraft.yellow_flower":11,"stat.drop.minecraft.cobblestone":1738,"achievement.buildWorkBench":4,"stat.breakItem.minecraft.iron_pickaxe":41,"stat.craftItem.minecraft.arrow":100,"stat.useItem.minecraft.obsidian":1,"stat.pickup.minecraft.bow":25,"stat.pickup.minecraft.iron_boots":4,"stat.pickup.minecraft.stone_hoe":13,"stat.craftItem.minecraft.furnace":17,"stat.useItem.minecraft.egg":65,"stat.craftItem.minecraft.iron_boots":1,"stat.craftItem.minecraft.cooked_beef":8,"stat.mineBlock.minecraft.obsidian":1,"stat.pickup.minecraft.shears":1,"stat.craftItem.minecraft.bow":4,"stat.flyOneCm":304993,"stat.drop.minecraft.iron_helmet":2,"stat.timeSinceDeath":223380,"stat.drop.minecraft.spider_eye":1,"stat.useItem.minecraft.iron_door":11,"stat.killEntity.Bat":6,"stat.craftItem.minecraft.stonebrick":1160,"stat.useItem.minecraft.potato":1,"stat.mineBlock.minecraft.coal_ore":1224,"stat.killEntity.Creeper":14,"stat.craftItem.minecraft.stone_hoe":9,"stat.breakItem.minecraft.iron_sword":3,"stat.pickup.minecraft.string":14,"stat.craftItem.minecraft.jungle_stairs":40,"stat.mineBlock.minecraft.ladder":24,"stat.entityKilledBy.Skeleton":2,"stat.drop.minecraft.jungle_stairs":3,"stat.drop.minecraft.birch_fence":6,"achievement.buildSword":21,"stat.sprintOneCm":2872425,"stat.mineBlock.minecraft.stone_slab":16,"stat.craftItem.minecraft.wooden_axe":4,"stat.drop.minecraft.stone_hoe":3,"stat.mineBlock.minecraft.diamond_ore":9,"stat.useItem.minecraft.snowball":52,"stat.craftItem.minecraft.wooden_pressure_plate":4,"achievement.killEnemy":650,"stat.craftItem.minecraft.golden_sword":1,"stat.breakItem.minecraft.iron_shovel":4,"stat.useItem.minecraft.ladder":175,"stat.killEntity.Zombie":148,"stat.pickup.minecraft.snowball":233,"stat.mineBlock.minecraft.gold_ore":63,"stat.diveOneCm":39996,"stat.drop.minecraft.diamond_pickaxe":2,"stat.pickup.minecraft.wheat":1263,"stat.mineBlock.minecraft.mossy_cobblestone":16,"stat.drop.minecraft.stone_stairs":119,"stat.craftItem.minecraft.ladder":185,"achievement.buildHoe":9,"stat.pickup.minecraft.sign":48,"stat.drop.minecraft.ladder":72,"stat.pickup.minecraft.stone_axe":9,"stat.pickup.minecraft.obsidian":2,"stat.drop.minecraft.apple":1,"stat.jump":19105,"stat.pickup.minecraft.coal":1393,"stat.pickup.minecraft.iron_ingot":9,"stat.craftItem.minecraft.lever":3,"stat.pickup.minecraft.gunpowder":42,"stat.craftItem.minecraft.torch":2172,"stat.pickup.minecraft.dirt":4099,"achievement.makeBread":238,"stat.drop.minecraft.jungle_door":1,"stat.useItem.minecraft.dispenser":14,"stat.pickup.minecraft.stone_shovel":12,"stat.useItem.minecraft.sapling":10,"stat.pickup.minecraft.gold_ore":60,"stat.mineBlock.minecraft.lapis_ore":19,"stat.pickup.minecraft.iron_axe":5,"stat.damageTaken":15484,"stat.useItem.minecraft.stone_brick_stairs":190,"stat.mineBlock.minecraft.torch":649,"stat.mineBlock.minecraft.sapling":7,"stat.pickup.minecraft.bed":6,"stat.useItem.minecraft.birch_fence":153,"stat.pickup.minecraft.potato":3,"stat.breakItem.minecraft.iron_leggings":1,"stat.entityKilledBy.Zombie":3,"stat.craftItem.minecraft.stone_slab":162,"stat.mineBlock.minecraft.birch_fence":11,"stat.useItem.minecraft.chest":81,"stat.drop.minecraft.wheat":1,"stat.pickup.minecraft.diamond_pickaxe":3,"stat.useItem.minecraft.tnt":5,"stat.drop.minecraft.netherrack":72,"stat.craftItem.minecraft.iron_chestplate":1,"stat.pickup.minecraft.ender_pearl":1,"stat.drop.minecraft.egg":3,"stat.breakItem.minecraft.stone_hoe":3,"stat.pickup.minecraft.ladder":93,"stat.pickup.minecraft.cooked_beef":1,"stat.useItem.minecraft.netherrack":5,"stat.mineBlock.minecraft.stonebrick":56,"stat.mobKills":741,"stat.useItem.minecraft.mossy_cobblestone":3,"stat.pickup.minecraft.diamond":12,"stat.breakItem.minecraft.wooden_shovel":2,"stat.pickup.minecraft.torch":1311,"stat.drop.minecraft.arrow":8,"stat.drop.minecraft.shears":1,"stat.craftItem.minecraft.compass":2,"stat.breakItem.minecraft.stone_sword":6,"stat.craftItem.minecraft.iron_axe":2,"stat.useItem.minecraft.planks":1316,"stat.pickup.minecraft.porkchop":1,"stat.useItem.minecraft.water_bucket":319,"stat.mineBlock.minecraft.red_mushroom":1,"stat.mineBlock.minecraft.stone_brick_stairs":44,"stat.pickup.minecraft.sand":44,"stat.useItem.minecraft.golden_sword":33,"achievement.diamonds":4,"stat.craftItem.minecraft.stone_sword":10,"stat.mineBlock.minecraft.snow_layer":238,"stat.mineBlock.minecraft.sand":37,"achievement.buildBetterPickaxe":104,"stat.hopperInspected":4,"stat.useItem.minecraft.oak_stairs":26,"stat.drop.minecraft.stone_slab":9,"stat.pickup.minecraft.furnace":1,"stat.useItem.minecraft.redstone":39,"achievement.mineWood":419,"stat.pickup.minecraft.iron_chestplate":5,"stat.useItem.minecraft.stone_stairs":108,"stat.pickup.minecraft.stone_stairs":69,"stat.drop.minecraft.snowball":157,"stat.pickup.minecraft.saddle":1,"stat.mineBlock.minecraft.soul_sand":1,"stat.mineBlock.minecraft.jungle_stairs":7,"stat.mineBlock.minecraft.oak_stairs":11,"stat.playOneMinute":3186195,"stat.drop.minecraft.string":1,"stat.useItem.minecraft.jungle_stairs":45,"stat.drop.minecraft.chest":1,"stat.pickup.minecraft.dispenser":11,"stat.pickup.minecraft.netherrack":170,"stat.mineBlock.minecraft.netherrack":101,"stat.mineBlock.minecraft.dispenser":11,"stat.mineBlock.minecraft.ice":84,"stat.craftItem.minecraft.redstone_torch":21,"stat.drop.minecraft.flint":1,"stat.pickup.minecraft.cooked_chicken":161,"stat.fallOneCm":274559,"stat.drop.minecraft.stone":377,"stat.craftItem.minecraft.chest":79,"stat.mineBlock.minecraft.lever":3,"stat.pickup.minecraft.red_mushroom":3,"stat.pickup.minecraft.melon":2,"stat.useItem.minecraft.iron_hoe":211,"stat.pickup.minecraft.feather":2,"stat.drop.minecraft.iron_leggings":1,"stat.drop.minecraft.bone":76,"stat.craftItem.minecraft.wooden_button":3,"stat.useItem.minecraft.furnace":18,"stat.pickup.minecraft.iron_leggings":5,"stat.mineBlock.minecraft.gravel":464,"stat.useItem.minecraft.stone_pickaxe":7076,"stat.breakItem.minecraft.stone_axe":2,"stat.useItem.minecraft.stone_sword":1137,"stat.craftItem.minecraft.iron_leggings":1,"stat.craftItem.minecraft.oak_stairs":28,"stat.drop.minecraft.stick":37,"stat.drop.minecraft.iron_axe":1,"stat.pickup.minecraft.flint_and_steel":1,"stat.useItem.minecraft.torch":2266,"stat.drop.minecraft.stone_brick_stairs":17,"stat.pickup.minecraft.birch_fence_gate":2,"stat.craftItem.minecraft.stone_stairs":264,"stat.useItem.minecraft.log":9,"stat.pickup.minecraft.crafting_table":3,"stat.craftItem.minecraft.crafting_table":4,"stat.pickup.minecraft.iron_hoe":1,"stat.pickup.minecraft.log":884,"stat.drop.minecraft.sign":7,"stat.pickup.minecraft.compass":4,"stat.drop.minecraft.stonebrick":5,"stat.craftItem.minecraft.stone_button":8,"stat.breakItem.minecraft.iron_boots":1,"stat.drop.minecraft.planks":55,"stat.breakItem.minecraft.iron_helmet":1,"stat.pickup.minecraft.sapling":77,"stat.breakItem.minecraft.iron_chestplate":1,"stat.drop.minecraft.bow":56,"stat.mineBlock.minecraft.tripwire_hook":3,"stat.useItem.minecraft.jungle_door":3,"stat.useItem.minecraft.wooden_pressure_plate":4,"stat.pickup.minecraft.golden_sword":6,"stat.useItem.minecraft.stone_hoe":594,"stat.sneakTime":222,"stat.pickup.minecraft.stone_slab":29,"stat.pickup.minecraft.yellow_flower":11,"stat.pickup.minecraft.chest":6,"stat.craftItem.minecraft.jungle_door":3,"stat.drop.minecraft.stone_pickaxe":22,"stat.pickup.minecraft.bone":311,"stat.pickup.minecraft.redstone_torch":16,"stat.drop.minecraft.red_mushroom":2,"stat.drop.minecraft.mossy_cobblestone":12,"stat.craftItem.minecraft.stone_brick_stairs":164,"stat.swimOneCm":223579,"stat.climbOneCm":439947,"stat.drop.minecraft.brown_mushroom":4,"stat.useItem.minecraft.redstone_torch":16,"stat.useItem.minecraft.dirt":1526,"stat.drop.minecraft.quartz":64,"achievement.exploreAllBiomes":{"value":0,"progress":["Beach","Birch Forest","Jungle","River","Forest","Ocean","JungleHills","JungleEdge","Desert","Extreme Hills","Hell"]},"stat.craftItem.minecraft.stone_pickaxe":64,"stat.pickup.minecraft.cobblestone":16064,"stat.drop.minecraft.fence":2,"stat.useItem.minecraft.stone_shovel":2389,"stat.pickup.minecraft.soul_sand":1,"stat.drop.minecraft.wheat_seeds":73,"stat.useItem.minecraft.cooked_beef":5,"stat.pickup.minecraft.redstone":327,"stat.craftItem.minecraft.dispenser":3,"stat.mineBlock.minecraft.iron_ore":289,"stat.useItem.minecraft.sign":61,"stat.drop.minecraft.log":118,"stat.pickup.minecraft.mossy_cobblestone":15,"stat.drop.minecraft.coal":44,"stat.useItem.minecraft.lever":5,"stat.pickup.minecraft.wooden_axe":1,"stat.breakItem.minecraft.golden_sword":1,"stat.pickup.minecraft.stonebrick":243,"stat.drop.minecraft.dirt":984,"stat.pickup.minecraft.iron_shovel":3,"stat.pickup.minecraft.jungle_stairs":31,"stat.drop.minecraft.compass":2,"stat.craftItem.minecraft.stick":2308,"stat.useItem.minecraft.stone_slab":164,"stat.useItem.minecraft.bed":9,"stat.craftItem.minecraft.stone":2688,"stat.mineBlock.minecraft.crafting_table":3,"stat.useItem.minecraft.stone_pressure_plate":10,"stat.useItem.minecraft.diamond_pickaxe":1,"stat.breakItem.minecraft.iron_hoe":1,"stat.killEntity.Endermite":1,"stat.useItem.minecraft.carrot":1,"stat.useItem.minecraft.wooden_shovel":207,"stat.useItem.minecraft.bucket":317,"achievement.buildFurnace":17,"stat.mineBlock.minecraft.planks":190,"stat.drop":395,"stat.drop.minecraft.iron_boots":1,"stat.drop.minecraft.bread":29,"stat.pickup.minecraft.gravel":497,"stat.drop.minecraft.cooked_beef":4,"stat.useItem.minecraft.apple":3,"stat.breakItem.minecraft.wooden_axe":1,"stat.pickup.minecraft.stone_brick_stairs":87,"stat.pickup.minecraft.fence":126,"stat.pickup.minecraft.iron_helmet":4,"stat.useItem.minecraft.stone_axe":437,"stat.craftItem.minecraft.bread":238,"stat.pickup.minecraft.spider_eye":5,"stat.craftItem.minecraft.iron_helmet":2,"stat.useItem.minecraft.stone_button":7,"stat.useItem.minecraft.cooked_chicken":82,"stat.pickup.minecraft.iron_ore":292,"stat.craftItem.minecraft.flint_and_steel":1,"stat.mineBlock.minecraft.stone_stairs":9,"stat.pickup.minecraft.leather":4,"stat.mineBlock.minecraft.furnace":1,"stat.useItem.minecraft.wooden_pickaxe":11,"stat.dispenserInspected":49,"stat.drop.minecraft.water_bucket":1,"stat.craftItem.minecraft.birch_fence":183,"stat.pickup.minecraft.oak_stairs":9,"stat.damageDealt":100998,"stat.craftItem.minecraft.glass":4,"stat.drop.minecraft.cooked_chicken":65,"stat.sleepInBed":7,"stat.killEntity.Cow":3,"stat.useItem.minecraft.crafting_table":7,"stat.killEntity.Pig":1,"stat.craftItem.minecraft.iron_sword":10,"stat.craftItem.minecraft.stone_shovel":25,"stat.walkOneCm":11864019,"stat.pickup.minecraft.stick":431,"stat.breakItem.minecraft.stone_pickaxe":48,"stat.drop.minecraft.iron_chestplate":1,"stat.pickup.minecraft.stone":2519,"stat.pickup.minecraft.gold_ingot":3,"stat.killEntity.Skeleton":439,"stat.killEntity.Chicken":28,"stat.mineBlock.minecraft.redstone_torch":8,"stat.killEntity.Spider":22,"stat.pickup.minecraft.bread":101,"stat.mineBlock.minecraft.quartz_ore":75,"stat.craftItem.minecraft.tnt":5,"stat.pickup.minecraft.quartz":205,"stat.craftItem.minecraft.fence":642,"stat.pickup.minecraft.birch_fence":47,"stat.craftItem.minecraft.jungle_fence":261,"stat.breakItem.minecraft.iron_axe":1,"stat.pickup.minecraft.water_bucket":1,"stat.mineBlock.minecraft.leaves":1358,"stat.mineBlock.minecraft.redstone_ore":52,"stat.mineBlock.minecraft.stone":15054}