{"stat.useItem.minecraft.bow":111,"stat.leaveGame":17,"stat.drop.minecraft.gunpowder":30,"stat.pickup.minecraft.jungle_fence":19,"stat.killEntity.Blaze":6,"stat.mineBlock.minecraft.sandstone":1,"stat.killEntity.PigZombie":16,"stat.useItem.minecraft.mutton":1,"stat.pickup.minecraft.golden_boots":2,"stat.pickup.minecraft.glowstone_dust":5,"stat.pickup.minecraft.porkchop":4,"stat.drop.minecraft.melon":2,"stat.drop.minecraft.iron_sword":8,"stat.mineBlock.minecraft.red_mushroom":10,"stat.pickup.minecraft.rotten_flesh":92,"stat.pickup.minecraft.sand":4,"stat.useItem.minecraft.golden_sword":3,"stat.drop.minecraft.golden_leggings":2,"stat.pickup.minecraft.name_tag":1,"stat.killEntity.Enderman":2,"stat.craftItem.minecraft.stone_sword":2,"stat.pickup.minecraft.brown_mushroom":3,"stat.mineBlock.minecraft.sand":2,"stat.breakItem.minecraft.bow":1,"stat.killEntity.Witch":5,"stat.killEntity.Villager":1,"stat.drop.minecraft.gold_ingot":3,"stat.useItem.minecraft.spider_eye":1,"stat.useItem.minecraft.iron_pickaxe":3486,"stat.drop.minecraft.golden_sword":4,"stat.pickup.minecraft.double_plant":2,"stat.mineBlock.minecraft.vine":5,"stat.furnaceInteraction":95,"stat.drop.minecraft.gravel":13,"stat.pickup.minecraft.nether_brick":9,"stat.pickup.minecraft.beef":2,"stat.craftItem.minecraft.golden_leggings":1,"achievement.mineWood":35,"stat.drop.minecraft.magma":34,"stat.pickup.minecraft.iron_chestplate":11,"stat.useItem.minecraft.fence":4,"achievement.openInventory":272,"stat.pickup.minecraft.potion":1,"stat.mineBlock.minecraft.fence":2,"stat.useItem.minecraft.wheat_seeds":11,"stat.mineBlock.minecraft.soul_sand":1,"stat.useItem.minecraft.beef":1,"stat.deaths":23,"stat.pickup.minecraft.egg":15,"stat.playOneMinute":936095,"stat.drop.minecraft.golden_pickaxe":2,"stat.pickup.minecraft.blaze_rod":2,"stat.drop.minecraft.string":8,"stat.craftItem.minecraft.iron_pickaxe":16,"stat.drop.minecraft.torch":8,"stat.mineBlock.minecraft.tallgrass":34,"stat.pickup.minecraft.netherrack":763,"stat.breakItem.minecraft.golden_pickaxe":1,"stat.chestOpened":248,"stat.useItem.minecraft.stone":97,"stat.mineBlock.minecraft.netherrack":124,"stat.pickup.minecraft.arrow":105,"stat.pickup.minecraft.iron_sword":16,"stat.drop.minecraft.flint":1,"stat.pickup.minecraft.gold_nugget":10,"stat.drop.minecraft.iron_pickaxe":7,"stat.pickup.minecraft.cooked_chicken":153,"stat.fallOneCm":209450,"stat.drop.minecraft.stone":77,"stat.drop.minecraft.dye":25,"stat.drop.minecraft.stone_sword":2,"stat.crouchOneCm":2,"stat.mineBlock.minecraft.chest":1,"stat.craftItem.minecraft.iron_ingot":212,"stat.pickup.minecraft.red_mushroom":12,"stat.pickup.minecraft.golden_leggings":1,"stat.pickup.minecraft.melon":26,"stat.craftingTableInteraction":55,"stat.pickup.minecraft.jungle_door":1,"stat.pickup.minecraft.feather":2,"stat.drop.minecraft.iron_leggings":1,"stat.drop.minecraft.bone":9,"stat.pickup.minecraft.dye":220,"stat.pickup.minecraft.planks":322,"stat.pickup.minecraft.iron_leggings":9,"stat.mineBlock.minecraft.spruce_fence":1,"stat.drop.minecraft.jungle_fence":19,"stat.pickup.minecraft.wheat_seeds":129,"stat.mineBlock.minecraft.gravel":52,"stat.useItem.minecraft.stone_pickaxe":1379,"stat.craftItem.minecraft.iron_leggings":3,"stat.useItem.minecraft.stone_sword":264,"stat.useItem.minecraft.wool":3,"stat.mineBlock.minecraft.dirt":161,"stat.craftItem.minecraft.golden_pickaxe":3,"stat.drop.minecraft.stick":127,"stat.drop.minecraft.iron_axe":4,"stat.useItem.minecraft.torch":698,"stat.useItem.minecraft.bread":74,"stat.drop.minecraft.rotten_flesh":65,"stat.useItem.minecraft.log":9,"stat.pickup.minecraft.crafting_table":3,"stat.useItem.minecraft.cobblestone":834,"stat.pickup.minecraft.magma":34,"stat.useItem.minecraft.gravel":4,"stat.mineBlock.minecraft.double_plant":4,"stat.pickup.minecraft.iron_hoe":2,"stat.killEntity.LavaSlime":4,"stat.pickup.minecraft.log":146,"stat.drop.minecraft.sign":13,"stat.pickup.minecraft.compass":2,"stat.pickup.minecraft.iron_pickaxe":18,"stat.drop.minecraft.iron_ore":7,"stat.craftItem.minecraft.gold_ingot":74,"stat.drop.minecraft.planks":256,"stat.drop.minecraft.sapling":5,"stat.pickup.minecraft.chicken":4,"stat.drop.minecraft.gold_nugget":9,"stat.pickup.minecraft.sapling":9,"stat.drop.minecraft.bow":8,"stat.useItem.minecraft.iron_sword":1140,"stat.drop.minecraft.golden_chestplate":1,"stat.itemEnchanted":7,"stat.pickup.minecraft.stone_sword":5,"stat.useItem.minecraft.stonebrick":2,"stat.mineBlock.minecraft.log":28,"stat.pickup.minecraft.golden_sword":5,"stat.craftItem.minecraft.golden_boots":1,"stat.pickup.minecraft.red_flower":2,"stat.sneakTime":11,"stat.pickup.minecraft.wool":16,"stat.drop.minecraft.yellow_flower":3,"stat.useItem.minecraft.wooden_axe":21,"stat.pickup.minecraft.yellow_flower":4,"stat.pickup.minecraft.chest":1,"stat.drop.minecraft.stone_pickaxe":5,"stat.pickup.minecraft.bone":139,"stat.pickup.minecraft.redstone_torch":1,"stat.drop.minecraft.stone_shovel":3,"stat.mineBlock.minecraft.cobblestone":176,"stat.drop.minecraft.glowstone_dust":1,"stat.pickup.minecraft.stone_pickaxe":15,"stat.pickup.minecraft.flint":6,"stat.drop.minecraft.red_mushroom":12,"stat.mineBlock.minecraft.yellow_flower":4,"stat.drop.minecraft.mossy_cobblestone":4,"stat.mineBlock.minecraft.brown_mushroom":1,"stat.useItem.minecraft.diamond_sword":16,"stat.swimOneCm":198004,"stat.climbOneCm":157074,"stat.drop.minecraft.cobblestone":159,"stat.craftItem.minecraft.golden_chestplate":1,"stat.drop.minecraft.brown_mushroom":2,"stat.breakItem.minecraft.iron_pickaxe":10,"stat.useItem.minecraft.redstone_torch":1,"stat.useItem.minecraft.obsidian":1,"stat.useItem.minecraft.dirt":4,"stat.drop.minecraft.quartz":64,"stat.pickup.minecraft.golden_helmet":2,"stat.pickup.minecraft.bow":32,"achievement.exploreAllBiomes":{"value":0,"progress":["Taiga M","Beach","DesertHills","Jungle","River","Forest","Ocean","JungleHills","JungleEdge","Taiga","Desert","Extreme Hills","Hell","Deep Ocean"]},"stat.pickup.minecraft.iron_boots":7,"stat.pickup.minecraft.diamond_horse_armor":1,"stat.pickup.minecraft.stone_hoe":2,"stat.useItem.minecraft.red_flower":1,"stat.drop.minecraft.golden_helmet":1,"stat.useItem.minecraft.egg":598,"stat.craftItem.minecraft.iron_boots":3,"stat.useItem.minecraft.iron_ore":3,"stat.useItem.minecraft.golden_pickaxe":33,"stat.craftItem.minecraft.stone_pickaxe":10,"stat.pickup.minecraft.shears":1,"stat.mineBlock.minecraft.magma":8,"stat.pickup.minecraft.cobblestone":3540,"stat.flyOneCm":103989,"stat.drop.minecraft.iron_helmet":2,"stat.pickup.minecraft.glass_bottle":3,"stat.pickup.minecraft.sandstone":1,"stat.pickup.minecraft.soul_sand":5,"stat.drop.minecraft.wheat_seeds":96,"stat.useItem.minecraft.cooked_beef":2,"stat.pickup.minecraft.redstone":164,"stat.mineBlock.minecraft.iron_ore":110,"stat.timeSinceDeath":3614,"stat.drop.minecraft.log":128,"stat.drop.minecraft.spider_eye":3,"stat.pickup.minecraft.mutton":8,"stat.drop.minecraft.name_tag":1,"stat.pickup.minecraft.mossy_cobblestone":28,"stat.killEntity.Bat":8,"stat.drop.minecraft.coal":38,"stat.pickup.minecraft.nether_wart":67,"stat.drop.minecraft.golden_boots":1,"stat.pickup.minecraft.stonebrick":2,"stat.pickup.minecraft.spruce_fence":3,"stat.drop.minecraft.dirt":124,"stat.killEntity.Wolf":1,"stat.pickup.minecraft.iron_shovel":2,"stat.drop.minecraft.wool":11,"stat.mineBlock.minecraft.coal_ore":502,"stat.mineBlock.minecraft.nether_brick":1,"stat.killEntity.Creeper":2,"stat.talkedToVillager":4,"stat.breakItem.minecraft.iron_sword":1,"stat.pickup.minecraft.jungle_stairs":1,"stat.pickup.minecraft.string":28,"stat.craftItem.minecraft.golden_helmet":1,"stat.entityKilledBy.Skeleton":4,"stat.drop.minecraft.birch_fence":19,"stat.killEntity.Squid":2,"stat.sprintOneCm":475977,"stat.craftItem.minecraft.stick":4,"stat.drop.minecraft.stone_hoe":2,"stat.mineBlock.minecraft.diamond_ore":9,"stat.pickup.minecraft.grass":1,"stat.mineBlock.minecraft.crafting_table":1,"stat.craftItem.minecraft.golden_sword":1,"stat.drop":310,"stat.killEntity.Sheep":4,"stat.drop.minecraft.iron_boots":2,"stat.killEntity.Zombie":30,"stat.drop.minecraft.bread":46,"stat.mineBlock.minecraft.gold_ore":38,"stat.diveOneCm":54667,"stat.pickup.minecraft.wheat":62,"stat.mineBlock.minecraft.mossy_cobblestone":25,"stat.pickup.minecraft.sign":13,"stat.pickup.minecraft.gravel":69,"stat.drop.minecraft.cooked_beef":10,"stat.pickup.minecraft.stone_axe":2,"stat.pickup.minecraft.obsidian":2,"stat.pickup.minecraft.diamond_sword":3,"stat.jump":12259,"stat.useItem.minecraft.sand":1,"stat.pickup.minecraft.fence":4,"stat.pickup.minecraft.iron_helmet":10,"stat.pickup.minecraft.coal":667,"stat.pickup.minecraft.iron_ingot":42,"stat.craftItem.minecraft.bread":52,"stat.pickup.minecraft.gunpowder":31,"stat.pickup.minecraft.spider_eye":9,"stat.craftItem.minecraft.torch":220,"stat.pickup.minecraft.dirt":279,"stat.craftItem.minecraft.iron_helmet":3,"stat.drop.minecraft.iron_shovel":2,"stat.useItem.minecraft.cooked_chicken":87,"stat.pickup.minecraft.iron_ore":115,"stat.pickup.minecraft.stone_shovel":3,"stat.pickup.minecraft.gold_ore":38,"stat.mineBlock.minecraft.lapis_ore":16,"stat.pickup.minecraft.iron_axe":4,"stat.damageTaken":16083,"stat.drop.minecraft.iron_hoe":2,"stat.pickup.minecraft.leather":4,"stat.mineBlock.minecraft.torch":64,"stat.mineBlock.minecraft.melon_block":5,"stat.mineBlock.minecraft.red_flower":2,"stat.dispenserInspected":5,"stat.pickup.minecraft.reeds":4,"stat.damageDealt":34299,"stat.drop.minecraft.cooked_chicken":20,"stat.sleepInBed":7,"stat.killEntity.Cow":1,"stat.killEntity.Pig":2,"stat.craftItem.minecraft.iron_sword":9,"stat.walkOneCm":5256679,"stat.useItem.minecraft.chest":1,"stat.drop.minecraft.wheat":34,"stat.pickup.minecraft.stick":286,"stat.breakItem.minecraft.stone_pickaxe":8,"stat.drop.minecraft.netherrack":202,"stat.useItem.minecraft.melon":8,"stat.drop.minecraft.iron_chestplate":3,"stat.pickup.minecraft.stone":562,"stat.craftItem.minecraft.iron_chestplate":3,"stat.mineBlock.minecraft.wool":3,"stat.pickup.minecraft.ender_pearl":1,"stat.drop.minecraft.egg":12,"stat.pickup.minecraft.cooked_beef":13,"stat.pickup.minecraft.ladder":3,"stat.pickup.minecraft.gold_ingot":3,"stat.killEntity.Skeleton":141,"stat.killEntity.Chicken":6,"stat.mineBlock.minecraft.redstone_torch":1,"stat.drop.minecraft.crafting_table":1,"stat.killEntity.Spider":8,"stat.pickup.minecraft.bread":120,"stat.mineBlock.minecraft.quartz_ore":64,"stat.mineBlock.minecraft.glowstone":1,"stat.mobKills":247,"stat.craftItem.minecraft.shears":1,"stat.pickup.minecraft.quartz":89,"stat.pickup.minecraft.birch_fence":19,"stat.pickup.minecraft.water_bucket":3,"stat.pickup.minecraft.diamond":11,"stat.mineBlock.minecraft.leaves":85,"stat.pickup.minecraft.torch":858,"stat.mineBlock.minecraft.redstone_ore":36,"stat.drop.minecraft.stone_axe":2,"stat.drop.minecraft.arrow":26,"stat.drop.minecraft.shears":1,"stat.breakItem.minecraft.stone_sword":2,"stat.mineBlock.minecraft.stone":3337}