{"stat.useItem.minecraft.bow":18,"stat.leaveGame":30,"stat.drop.minecraft.redstone":4,"stat.mineBlock.minecraft.sandstone":313,"stat.killEntity.PigZombie":2,"stat.useItem.minecraft.planks":123,"stat.craftItem.minecraft.shield":2,"stat.mineBlock.minecraft.web":36,"stat.craftItem.minecraft.stone_pressure_plate":3,"stat.pickup.minecraft.porkchop":3,"stat.pickup.minecraft.glass":432,"stat.drop.minecraft.iron_sword":4,"stat.useItem.minecraft.water_bucket":55,"stat.pickup.minecraft.rotten_flesh":145,"stat.drop.minecraft.poisonous_potato":2,"stat.pickup.minecraft.sand":2187,"stat.entityKilledBy.Spider":2,"stat.craftItem.minecraft.stone_axe":8,"stat.pickup.minecraft.cobblestone_wall":8,"stat.craftItem.minecraft.noteblock":1,"stat.pickup.minecraft.bucket":2,"stat.useItem.minecraft.rail":91,"stat.killEntity.Enderman":2,"stat.craftItem.minecraft.stone_sword":4,"stat.pickup.minecraft.brown_mushroom":6,"stat.mineBlock.minecraft.sand":2086,"stat.killEntity.Witch":1,"stat.drop.minecraft.sand":3,"stat.useItem.minecraft.iron_pickaxe":501,"stat.pickup.minecraft.stained_hardened_clay":6,"stat.craftItem.minecraft.wooden_pickaxe":3,"stat.useItem.minecraft.iron_shovel":116,"stat.pickup.minecraft.double_plant":12,"stat.craftItem.minecraft.glass_pane":160,"stat.mineBlock.minecraft.vine":4,"stat.useItem.minecraft.oak_stairs":3,"stat.mineBlock.minecraft.sticky_piston":12,"stat.furnaceInteraction":355,"stat.drop.minecraft.gravel":65,"stat.mineBlock.minecraft.rail":85,"stat.killEntity.ZombieVillager":1,"stat.pickup.minecraft.wooden_button":10,"stat.noteblockPlayed":5,"stat.pickup.minecraft.furnace":2,"stat.mineBlock.minecraft.wooden_button":5,"stat.useItem.minecraft.redstone":79,"stat.drop.minecraft.cactus":2,"stat.drop.minecraft.wooden_button":1,"stat.useItem.minecraft.trapdoor":3,"stat.mineBlock.minecraft.stained_hardened_clay":5,"stat.pickup.minecraft.iron_chestplate":4,"stat.useItem.minecraft.fence":75,"stat.useItem.minecraft.stone_stairs":92,"stat.pickup.minecraft.stone_stairs":38,"stat.mineBlock.minecraft.fence":244,"stat.useItem.minecraft.flint_and_steel":58,"stat.useItem.minecraft.wheat_seeds":203,"stat.useItem.minecraft.wooden_button":5,"stat.killEntity.Husk":47,"stat.pickup.minecraft.emerald":103,"stat.pickup.minecraft.lever":23,"stat.deaths":14,"stat.pickup.minecraft.egg":2,"stat.playOneMinute":2001087,"stat.pickup.minecraft.clock":1,"stat.craftItem.minecraft.iron_pickaxe":2,"stat.pickup.minecraft.glass_pane":9,"stat.drop.minecraft.torch":52,"stat.mineBlock.minecraft.tallgrass":221,"stat.pickup.minecraft.netherrack":78,"stat.craftItem.minecraft.cooked_mutton":7,"stat.chestOpened":1036,"stat.pickup.minecraft.pumpkin":12,"stat.craftItem.minecraft.sign":18,"stat.useItem.minecraft.stone":1126,"stat.craftItem.minecraft.carpet":3,"stat.mineBlock.minecraft.netherrack":80,"stat.pickup.minecraft.iron_sword":8,"stat.pickup.minecraft.arrow":76,"stat.pickup.minecraft.waterlily":17,"stat.pickup.minecraft.wooden_pressure_plate":5,"stat.drop.minecraft.flint":2,"stat.pickup.minecraft.detector_rail":1,"stat.pickup.minecraft.gold_nugget":1,"stat.pickup.minecraft.cooked_chicken":521,"stat.fallOneCm":76769,"stat.drop.minecraft.stone":3,"stat.drop.minecraft.stone_sword":1,"stat.pickup.minecraft.melon_seeds":2,"stat.crouchOneCm":1374,"stat.mineBlock.minecraft.chest":14,"stat.pickup.minecraft.rail":164,"stat.craftItem.minecraft.chest":15,"stat.craftItem.minecraft.iron_ingot":257,"stat.mineBlock.minecraft.lever":22,"stat.craftingTableInteraction":99,"stat.mineBlock.minecraft.wooden_pressure_plate":5,"stat.mineBlock.minecraft.log2":53,"stat.useItem.minecraft.golden_rail":8,"stat.pickup.minecraft.feather":192,"stat.useItem.minecraft.furnace":1,"stat.pickup.minecraft.dye":18,"stat.pickup.minecraft.planks":423,"stat.pickup.minecraft.iron_leggings":2,"stat.pickup.minecraft.wheat_seeds":285,"stat.mineBlock.minecraft.gravel":973,"stat.useItem.minecraft.stone_pickaxe":5518,"stat.breakItem.minecraft.stone_axe":2,"stat.mineBlock.minecraft.glass":72,"stat.useItem.minecraft.stone_sword":191,"stat.craftItem.minecraft.iron_leggings":3,"stat.killEntity.Rabbit":1,"stat.mineBlock.minecraft.dirt":1591,"stat.pickup.minecraft.poisonous_potato":45,"stat.drop.minecraft.stick":3,"stat.useItem.minecraft.torch":378,"stat.useItem.minecraft.bread":2,"stat.craftItem.minecraft.redstone_block":1,"stat.drop.minecraft.rotten_flesh":13,"stat.craftItem.minecraft.stone_stairs":188,"stat.pickup.minecraft.crafting_table":3,"stat.useItem.minecraft.cobblestone":573,"stat.pickup.minecraft.magma":1,"stat.craftItem.minecraft.crafting_table":4,"stat.useItem.minecraft.gravel":778,"stat.mineBlock.minecraft.double_plant":15,"stat.minecartOneCm":83243,"stat.pickup.minecraft.redstone_block":5,"stat.pickup.minecraft.log":52,"stat.drop.minecraft.sign":1,"stat.drop.minecraft.glass_pane":15,"stat.drop.minecraft.stonebrick":1,"stat.craftItem.minecraft.stone_button":3,"stat.drop.minecraft.iron_ore":6,"stat.craftItem.minecraft.gold_ingot":6,"stat.drop.minecraft.planks":17,"stat.breakItem.minecraft.iron_helmet":1,"stat.pickup.minecraft.sapling":5,"stat.entityKilledBy.Enderman":1,"stat.pickup.minecraft.apple":142,"stat.drop.minecraft.melon_seeds":2,"stat.useItem.minecraft.glass_pane":22,"stat.breakItem.minecraft.stone_shovel":11,"stat.drop.minecraft.bow":2,"stat.craftItem.minecraft.bucket":1,"stat.craftItem.minecraft.planks":424,"stat.useItem.minecraft.iron_sword":1175,"stat.pickup.minecraft.stone_sword":3,"stat.useItem.minecraft.wooden_pressure_plate":2,"stat.useItem.minecraft.stonebrick":341,"stat.mineBlock.minecraft.log":53,"stat.mineBlock.minecraft.waterlily":8,"stat.useItem.minecraft.stone_hoe":65,"stat.pickup.minecraft.iron_door":1,"stat.pickup.minecraft.red_flower":10,"stat.sneakTime":561,"stat.pickup.minecraft.wool":4,"stat.pickup.minecraft.rabbit":2,"stat.mineBlock.minecraft.cobblestone_wall":8,"stat.useItem.minecraft.wooden_axe":33,"stat.pickup.minecraft.stone_slab":12,"stat.pickup.minecraft.chest":20,"stat.drop.minecraft.stone_pickaxe":2,"stat.pickup.minecraft.bone":38,"stat.craftItem.minecraft.sticky_piston":4,"stat.pickup.minecraft.stone_pressure_plate":1,"stat.drop.minecraft.stone_shovel":1,"stat.mineBlock.minecraft.cobblestone":433,"stat.mineBlock.minecraft.pumpkin":14,"stat.pickup.minecraft.stone_pickaxe":22,"stat.pickup.minecraft.flint":100,"stat.breakItem.minecraft.shield":1,"stat.mineBlock.minecraft.brown_mushroom":1,"stat.craftItem.minecraft.wool":2,"stat.useItem.minecraft.diamond_sword":127,"stat.swimOneCm":503859,"stat.craftItem.minecraft.clock":1,"stat.climbOneCm":297398,"stat.pickup.minecraft.enchanted_book":1,"stat.drop.minecraft.sticky_piston":1,"stat.drop.minecraft.cobblestone":63,"stat.enderchestOpened":7,"stat.breakItem.minecraft.iron_pickaxe":2,"stat.useItem.minecraft.obsidian":7,"stat.pickup.minecraft.sticky_piston":13,"stat.useItem.minecraft.dirt":688,"stat.pickup.minecraft.bow":10,"stat.pickup.minecraft.iron_boots":2,"stat.craftItem.minecraft.furnace":1,"stat.pickup.minecraft.pumpkin_pie":3,"stat.craftItem.minecraft.iron_boots":3,"stat.useItem.minecraft.iron_ore":6,"stat.craftItem.minecraft.trapdoor":2,"stat.craftItem.minecraft.stone_pickaxe":46,"stat.mineBlock.minecraft.magma":1,"stat.pickup.minecraft.cobblestone":3653,"stat.craftItem.minecraft.bow":2,"stat.mineBlock.minecraft.carpet":4,"stat.mineBlock.minecraft.redstone_block":4,"stat.mineBlock.minecraft.noteblock":4,"stat.useItem.minecraft.stone_shovel":2340,"stat.flyOneCm":200652,"stat.pickup.minecraft.sandstone":576,"stat.useItem.minecraft.cooked_beef":81,"stat.pickup.minecraft.cactus":7,"stat.pickup.minecraft.redstone":151,"stat.mineBlock.minecraft.iron_ore":242,"stat.timeSinceDeath":1953,"stat.useItem.minecraft.sign":15,"stat.drop.minecraft.spider_eye":2,"stat.pickup.minecraft.mutton":7,"stat.pickup.minecraft.mossy_cobblestone":7,"stat.useItem.minecraft.iron_door":1,"stat.useItem.minecraft.noteblock":4,"stat.craftItem.minecraft.cake":2,"stat.drop.minecraft.coal":2,"stat.craftItem.minecraft.stonebrick":300,"stat.useItem.minecraft.lever":25,"stat.useItem.minecraft.potato":1404,"stat.pickup.minecraft.stonebrick":80,"stat.drop.minecraft.dirt":12,"stat.killEntity.Wolf":1,"stat.pickup.minecraft.iron_shovel":1,"stat.useItem.minecraft.cooked_porkchop":1,"stat.pickup.minecraft.trapdoor":1,"stat.pickup.minecraft.carpet":4,"stat.mineBlock.minecraft.coal_ore":789,"stat.pickup.minecraft.shield":3,"stat.killEntity.Creeper":4,"stat.craftItem.minecraft.stone_hoe":2,"stat.talkedToVillager":256,"stat.pickup.minecraft.string":94,"stat.mineBlock.minecraft.ladder":20,"stat.entityKilledBy.Skeleton":1,"stat.sprintOneCm":1690982,"stat.mineBlock.minecraft.stone_slab":6,"stat.craftItem.minecraft.stick":364,"stat.craftItem.minecraft.wooden_axe":1,"stat.useItem.minecraft.stone_slab":8,"stat.useItem.minecraft.bed":1,"stat.craftItem.minecraft.stone":1913,"stat.mineBlock.minecraft.crafting_table":3,"stat.useItem.minecraft.stone_pressure_plate":3,"stat.useItem.minecraft.bucket":56,"stat.mineBlock.minecraft.planks":333,"stat.drop":114,"stat.killEntity.Sheep":5,"stat.breakItem.minecraft.iron_shovel":1,"stat.useItem.minecraft.ladder":94,"stat.pickup.minecraft.slime_ball":10,"stat.craftItem.minecraft.emerald":194,"stat.killEntity.Zombie":58,"stat.craftItem.minecraft.dye":2,"stat.mineBlock.minecraft.gold_ore":6,"stat.diveOneCm":1146854,"stat.pickup.minecraft.wheat":140,"stat.craftItem.minecraft.sandstone":443,"stat.mineBlock.minecraft.mossy_cobblestone":5,"stat.craftItem.minecraft.piston":4,"stat.useItem.minecraft.sticky_piston":16,"stat.craftItem.minecraft.ladder":39,"stat.pickup.minecraft.sign":3,"stat.pickup.minecraft.gravel":993,"stat.drop.minecraft.cooked_beef":2,"stat.craftItem.minecraft.cooked_porkchop":3,"stat.killEntity.Slime":7,"stat.pickup.minecraft.stone_axe":11,"stat.mineBlock.minecraft.deadbush":6,"stat.pickup.minecraft.obsidian":7,"stat.useItem.minecraft.carpet":7,"stat.pickup.minecraft.diamond_sword":1,"stat.craftItem.minecraft.diamond_sword":1,"stat.drop.minecraft.sandstone":190,"stat.jump":10602,"stat.useItem.minecraft.sand":521,"stat.pickup.minecraft.fence":300,"stat.pickup.minecraft.coal":790,"stat.pickup.minecraft.iron_ingot":2,"stat.craftItem.minecraft.lever":2,"stat.useItem.minecraft.stone_axe":703,"stat.pickup.minecraft.gunpowder":19,"stat.entityKilledBy.CaveSpider":1,"stat.pickup.minecraft.spider_eye":17,"stat.craftItem.minecraft.torch":172,"stat.pickup.minecraft.dirt":1705,"stat.useItem.minecraft.stone_button":4,"stat.craftItem.minecraft.iron_helmet":2,"stat.useItem.minecraft.cooked_chicken":39,"stat.pickup.minecraft.iron_ore":271,"stat.useItem.minecraft.glass":429,"stat.pickup.minecraft.stone_shovel":14,"stat.boatOneCm":82972,"stat.pickup.minecraft.gold_ore":6,"stat.craftItem.minecraft.flint_and_steel":1,"stat.mineBlock.minecraft.lapis_ore":2,"stat.mineBlock.minecraft.leaves2":16,"stat.mineBlock.minecraft.glass_pane":10,"stat.mineBlock.minecraft.stone_stairs":35,"stat.damageTaken":11233,"stat.mineBlock.minecraft.torch":157,"stat.mineBlock.minecraft.red_flower":21,"stat.useItem.minecraft.wooden_pickaxe":94,"stat.tradedWithVillager":225,"stat.noteblockTuned":89,"stat.pickup.minecraft.log2":49,"stat.mineBlock.minecraft.sandstone_stairs":6,"stat.killEntity.CaveSpider":2,"stat.pickup.minecraft.bed":1,"stat.useItem.minecraft.birch_fence":3,"stat.pickup.minecraft.potato":3635,"stat.pickup.minecraft.oak_stairs":4,"stat.pickup.minecraft.rabbit_hide":2,"stat.entityKilledBy.Zombie":2,"stat.damageDealt":36915,"stat.craftItem.minecraft.glass":557,"stat.sleepInBed":5,"stat.useItem.minecraft.crafting_table":6,"stat.pickup.minecraft.minecart":4,"stat.killEntity.Pig":1,"stat.craftItem.minecraft.iron_sword":4,"stat.craftItem.minecraft.stone_slab":12,"stat.craftItem.minecraft.stone_shovel":24,"stat.walkOneCm":7992517,"stat.mineBlock.minecraft.birch_fence":3,"stat.useItem.minecraft.chest":32,"stat.pickup.minecraft.stick":105,"stat.drop.minecraft.noteblock":1,"stat.pickup.minecraft.noteblock":4,"stat.breakItem.minecraft.stone_pickaxe":34,"stat.useItem.minecraft.redstone_block":4,"stat.pickup.minecraft.stone":886,"stat.craftItem.minecraft.iron_chestplate":4,"stat.drop.minecraft.potato":84,"stat.pickup.minecraft.ender_pearl":3,"stat.pickup.minecraft.ladder":57,"stat.pickup.minecraft.cooked_beef":104,"stat.useItem.minecraft.netherrack":42,"stat.killEntity.Skeleton":22,"stat.mineBlock.minecraft.cactus":1,"stat.mineBlock.minecraft.stonebrick":82,"stat.killEntity.Spider":32,"stat.pickup.minecraft.bread":27,"stat.mobKills":187,"stat.pickup.minecraft.birch_fence":3,"stat.entityKilledBy.Husk":1,"stat.useItem.minecraft.mossy_cobblestone":1,"stat.mineBlock.minecraft.leaves":9,"stat.pickup.minecraft.beetroot_seeds":1,"stat.pickup.minecraft.torch":395,"stat.mineBlock.minecraft.redstone_ore":10,"stat.drop.minecraft.stone_axe":6,"stat.mineBlock.minecraft.stone":3699,"stat.useItem.minecraft.sandstone":333,"stat.breakItem.minecraft.wooden_pickaxe":1}