{"stat.drop.minecraft.stone_pickaxe":1,"stat.pickup.minecraft.bone":4,"stat.leaveGame":2,"stat.pickup.minecraft.stone_pickaxe":4,"stat.mineBlock.minecraft.yellow_flower":2,"stat.swimOneCm":24786,"stat.climbOneCm":56825,"stat.useItem.minecraft.dirt":24,"stat.pickup.minecraft.bow":1,"stat.useItem.minecraft.golden_sword":1,"stat.craftItem.minecraft.stone_pickaxe":7,"stat.pickup.minecraft.cobblestone":232,"stat.craftItem.minecraft.stone_sword":4,"stat.flyOneCm":49333,"stat.pickup.minecraft.sandstone":10,"stat.craftItem.minecraft.wooden_hoe":2,"stat.mineBlock.minecraft.iron_ore":16,"stat.timeSinceDeath":16942,"stat.useItem.minecraft.spider_eye":1,"stat.craftItem.minecraft.wooden_pickaxe":2,"stat.killEntity.Bat":1,"stat.drop.minecraft.wooden_shovel":1,"stat.pickup.minecraft.wooden_axe":1,"stat.mineBlock.minecraft.vine":7,"stat.furnaceInteraction":10,"stat.mineBlock.minecraft.coal_ore":84,"stat.craftItem.minecraft.stone_hoe":1,"stat.pickup.minecraft.wooden_sword":1,"stat.pickup.minecraft.string":2,"stat.entityKilledBy.Skeleton":2,"stat.sprintOneCm":460385,"stat.craftItem.minecraft.stick":56,"stat.craftItem.minecraft.wooden_axe":2,"stat.drop.minecraft.wooden_hoe":1,"stat.useItem.minecraft.wheat_seeds":34,"stat.useItem.minecraft.wooden_shovel":11,"stat.useItem.minecraft.dye":3,"stat.deaths":5,"stat.drop":8,"stat.playOneMinute":142192,"stat.useItem.minecraft.wooden_sword":12,"stat.craftItem.minecraft.wooden_shovel":2,"stat.killEntity.Zombie":2,"stat.craftItem.minecraft.dye":6,"stat.mineBlock.minecraft.tallgrass":504,"stat.diveOneCm":16577,"stat.pickup.minecraft.wheat":29,"stat.chestOpened":79,"stat.useItem.minecraft.stone":8,"stat.pickup.minecraft.arrow":9,"stat.pickup.minecraft.iron_sword":2,"stat.useItem.minecraft.apple":1,"stat.jump":1547,"stat.useItem.minecraft.wooden_hoe":3,"stat.pickup.minecraft.coal":126,"stat.pickup.minecraft.cooked_chicken":124,"stat.fallOneCm":30782,"stat.craftItem.minecraft.bread":8,"stat.drop.minecraft.wooden_sword":2,"stat.crouchOneCm":2080,"stat.pickup.minecraft.spider_eye":1,"stat.craftItem.minecraft.torch":4,"stat.pickup.minecraft.dirt":49,"stat.pickup.minecraft.melon":11,"stat.useItem.minecraft.cooked_chicken":12,"stat.craftingTableInteraction":14,"stat.pickup.minecraft.iron_ore":16,"stat.useItem.minecraft.sapling":1,"stat.mineBlock.minecraft.lapis_ore":3,"stat.damageTaken":2260,"stat.pickup.minecraft.feather":64,"stat.mineBlock.minecraft.melon_block":2,"stat.mineBlock.minecraft.red_flower":1,"stat.useItem.minecraft.wooden_pickaxe":81,"stat.craftItem.minecraft.wooden_sword":2,"stat.pickup.minecraft.dye":22,"stat.pickup.minecraft.reeds":30,"stat.pickup.minecraft.wheat_seeds":110,"stat.entityKilledBy.Zombie":2,"stat.useItem.minecraft.stone_pickaxe":230,"stat.useItem.minecraft.stone_sword":47,"stat.damageDealt":1598,"stat.mineBlock.minecraft.dirt":28,"stat.useItem.minecraft.crafting_table":1,"stat.craftItem.minecraft.stone_shovel":1,"stat.walkOneCm":691147,"stat.useItem.minecraft.torch":4,"stat.useItem.minecraft.bread":6,"stat.pickup.minecraft.stick":49,"stat.useItem.minecraft.cobblestone":2,"stat.craftItem.minecraft.crafting_table":1,"stat.mineBlock.minecraft.double_plant":9,"stat.breakItem.minecraft.stone_pickaxe":1,"stat.pickup.minecraft.log":22,"stat.useItem.minecraft.melon":7,"stat.pickup.minecraft.stone":40,"stat.pickup.minecraft.sapling":1,"stat.pickup.minecraft.apple":1,"stat.pickup.minecraft.ladder":25,"stat.killEntity.Skeleton":4,"stat.craftItem.minecraft.planks":68,"stat.useItem.minecraft.iron_sword":1,"stat.killEntity.Spider":2,"stat.pickup.minecraft.stone_sword":1,"stat.mobKills":10,"stat.mineBlock.minecraft.log":22,"stat.useItem.minecraft.stone_hoe":5,"stat.mineBlock.minecraft.leaves":44,"stat.pickup.minecraft.beetroot_seeds":1,"stat.pickup.minecraft.torch":7,"stat.sneakTime":327,"stat.drop.minecraft.arrow":3,"stat.useItem.minecraft.wooden_axe":1,"stat.pickup.minecraft.yellow_flower":1,"stat.mineBlock.minecraft.stone":179,"stat.drop.minecraft.wooden_axe":2,"stat.breakItem.minecraft.wooden_pickaxe":1}