{"stat.useItem.minecraft.bow":4,"stat.leaveGame":17,"stat.drop.minecraft.redstone":4,"stat.mineBlock.minecraft.sandstone":128,"stat.useItem.minecraft.planks":117,"stat.craftItem.minecraft.shield":1,"stat.mineBlock.minecraft.web":24,"stat.pickup.minecraft.glass":432,"stat.drop.minecraft.iron_sword":1,"stat.useItem.minecraft.water_bucket":33,"stat.pickup.minecraft.rotten_flesh":73,"stat.drop.minecraft.poisonous_potato":2,"stat.pickup.minecraft.sand":1510,"stat.entityKilledBy.Spider":2,"stat.craftItem.minecraft.stone_axe":4,"stat.pickup.minecraft.cobblestone_wall":6,"stat.pickup.minecraft.bucket":2,"stat.useItem.minecraft.rail":83,"stat.craftItem.minecraft.stone_sword":3,"stat.pickup.minecraft.brown_mushroom":3,"stat.mineBlock.minecraft.sand":1452,"stat.killEntity.Witch":1,"stat.drop.minecraft.sand":3,"stat.useItem.minecraft.iron_pickaxe":250,"stat.craftItem.minecraft.wooden_pickaxe":3,"stat.useItem.minecraft.iron_shovel":116,"stat.useItem.minecraft.oak_stairs":3,"stat.furnaceInteraction":161,"stat.drop.minecraft.gravel":1,"stat.mineBlock.minecraft.rail":50,"stat.pickup.minecraft.furnace":2,"stat.pickup.minecraft.iron_chestplate":3,"stat.useItem.minecraft.fence":10,"stat.mineBlock.minecraft.fence":99,"stat.useItem.minecraft.flint_and_steel":53,"stat.killEntity.Husk":32,"stat.pickup.minecraft.emerald":9,"stat.deaths":13,"stat.playOneMinute":1001546,"stat.craftItem.minecraft.iron_pickaxe":1,"stat.drop.minecraft.torch":52,"stat.mineBlock.minecraft.tallgrass":39,"stat.pickup.minecraft.netherrack":77,"stat.chestOpened":339,"stat.craftItem.minecraft.sign":3,"stat.useItem.minecraft.stone":270,"stat.mineBlock.minecraft.netherrack":78,"stat.pickup.minecraft.iron_sword":5,"stat.pickup.minecraft.arrow":39,"stat.pickup.minecraft.wooden_pressure_plate":1,"stat.drop.minecraft.flint":1,"stat.pickup.minecraft.detector_rail":1,"stat.pickup.minecraft.cooked_chicken":521,"stat.fallOneCm":51497,"stat.drop.minecraft.stone_sword":1,"stat.pickup.minecraft.melon_seeds":2,"stat.crouchOneCm":1373,"stat.mineBlock.minecraft.chest":5,"stat.pickup.minecraft.rail":121,"stat.craftItem.minecraft.chest":2,"stat.craftItem.minecraft.iron_ingot":39,"stat.craftingTableInteraction":42,"stat.mineBlock.minecraft.wooden_pressure_plate":1,"stat.mineBlock.minecraft.log2":35,"stat.useItem.minecraft.golden_rail":8,"stat.pickup.minecraft.feather":192,"stat.useItem.minecraft.furnace":1,"stat.pickup.minecraft.dye":18,"stat.pickup.minecraft.planks":244,"stat.pickup.minecraft.iron_leggings":1,"stat.pickup.minecraft.wheat_seeds":12,"stat.mineBlock.minecraft.gravel":466,"stat.useItem.minecraft.stone_pickaxe":2794,"stat.breakItem.minecraft.stone_axe":1,"stat.mineBlock.minecraft.glass":63,"stat.useItem.minecraft.stone_sword":191,"stat.craftItem.minecraft.iron_leggings":1,"stat.killEntity.Rabbit":1,"stat.mineBlock.minecraft.dirt":560,"stat.pickup.minecraft.poisonous_potato":25,"stat.drop.minecraft.stick":3,"stat.useItem.minecraft.torch":164,"stat.useItem.minecraft.bread":2,"stat.drop.minecraft.rotten_flesh":13,"stat.pickup.minecraft.crafting_table":3,"stat.useItem.minecraft.cobblestone":422,"stat.craftItem.minecraft.crafting_table":3,"stat.useItem.minecraft.gravel":503,"stat.pickup.minecraft.log":30,"stat.drop.minecraft.sign":1,"stat.drop.minecraft.iron_ore":6,"stat.drop.minecraft.planks":17,"stat.pickup.minecraft.apple":142,"stat.drop.minecraft.melon_seeds":2,"stat.breakItem.minecraft.stone_shovel":4,"stat.drop.minecraft.bow":2,"stat.craftItem.minecraft.planks":288,"stat.useItem.minecraft.iron_sword":545,"stat.pickup.minecraft.stone_sword":3,"stat.useItem.minecraft.wooden_pressure_plate":1,"stat.useItem.minecraft.stonebrick":10,"stat.mineBlock.minecraft.log":31,"stat.sneakTime":453,"stat.pickup.minecraft.rabbit":1,"stat.mineBlock.minecraft.cobblestone_wall":6,"stat.useItem.minecraft.wooden_axe":33,"stat.pickup.minecraft.chest":8,"stat.drop.minecraft.stone_pickaxe":1,"stat.pickup.minecraft.bone":23,"stat.drop.minecraft.stone_shovel":1,"stat.mineBlock.minecraft.cobblestone":158,"stat.pickup.minecraft.stone_pickaxe":20,"stat.pickup.minecraft.flint":46,"stat.mineBlock.minecraft.brown_mushroom":1,"stat.swimOneCm":395081,"stat.climbOneCm":130656,"stat.pickup.minecraft.enchanted_book":1,"stat.drop.minecraft.cobblestone":63,"stat.enderchestOpened":4,"stat.breakItem.minecraft.iron_pickaxe":1,"stat.useItem.minecraft.obsidian":7,"stat.useItem.minecraft.dirt":395,"stat.pickup.minecraft.bow":6,"stat.pickup.minecraft.iron_boots":1,"stat.craftItem.minecraft.furnace":1,"stat.pickup.minecraft.pumpkin_pie":3,"stat.craftItem.minecraft.iron_boots":1,"stat.useItem.minecraft.iron_ore":6,"stat.craftItem.minecraft.stone_pickaxe":24,"stat.pickup.minecraft.cobblestone":2071,"stat.craftItem.minecraft.bow":1,"stat.useItem.minecraft.stone_shovel":839,"stat.flyOneCm":73205,"stat.pickup.minecraft.sandstone":380,"stat.useItem.minecraft.cooked_beef":31,"stat.pickup.minecraft.cactus":5,"stat.pickup.minecraft.redstone":4,"stat.mineBlock.minecraft.iron_ore":117,"stat.timeSinceDeath":298590,"stat.useItem.minecraft.sign":3,"stat.pickup.minecraft.mossy_cobblestone":7,"stat.craftItem.minecraft.stonebrick":32,"stat.useItem.minecraft.potato":85,"stat.pickup.minecraft.stonebrick":1,"stat.drop.minecraft.dirt":3,"stat.pickup.minecraft.iron_shovel":1,"stat.mineBlock.minecraft.coal_ore":467,"stat.pickup.minecraft.shield":2,"stat.craftItem.minecraft.stone_hoe":1,"stat.talkedToVillager":57,"stat.pickup.minecraft.string":50,"stat.mineBlock.minecraft.ladder":8,"stat.entityKilledBy.Skeleton":1,"stat.sprintOneCm":587741,"stat.craftItem.minecraft.stick":156,"stat.craftItem.minecraft.wooden_axe":1,"stat.useItem.minecraft.stone_slab":6,"stat.craftItem.minecraft.stone":295,"stat.mineBlock.minecraft.crafting_table":3,"stat.useItem.minecraft.bucket":34,"stat.mineBlock.minecraft.planks":150,"stat.drop":70,"stat.breakItem.minecraft.iron_shovel":1,"stat.useItem.minecraft.ladder":59,"stat.craftItem.minecraft.emerald":1,"stat.killEntity.Zombie":31,"stat.mineBlock.minecraft.gold_ore":6,"stat.diveOneCm":1024355,"stat.pickup.minecraft.wheat":3,"stat.craftItem.minecraft.sandstone":16,"stat.mineBlock.minecraft.mossy_cobblestone":5,"stat.craftItem.minecraft.ladder":15,"stat.pickup.minecraft.sign":2,"stat.pickup.minecraft.gravel":553,"stat.pickup.minecraft.stone_axe":7,"stat.pickup.minecraft.obsidian":7,"stat.drop.minecraft.sandstone":190,"stat.jump":6178,"stat.useItem.minecraft.sand":348,"stat.pickup.minecraft.fence":121,"stat.pickup.minecraft.coal":454,"stat.pickup.minecraft.iron_ingot":1,"stat.useItem.minecraft.stone_axe":289,"stat.pickup.minecraft.gunpowder":10,"stat.entityKilledBy.CaveSpider":1,"stat.pickup.minecraft.spider_eye":2,"stat.craftItem.minecraft.torch":44,"stat.pickup.minecraft.dirt":683,"stat.useItem.minecraft.cooked_chicken":39,"stat.pickup.minecraft.iron_ore":141,"stat.useItem.minecraft.glass":410,"stat.pickup.minecraft.stone_shovel":10,"stat.boatOneCm":15316,"stat.pickup.minecraft.gold_ore":6,"stat.craftItem.minecraft.flint_and_steel":1,"stat.mineBlock.minecraft.lapis_ore":2,"stat.mineBlock.minecraft.leaves2":4,"stat.damageTaken":7977,"stat.mineBlock.minecraft.torch":75,"stat.useItem.minecraft.wooden_pickaxe":94,"stat.tradedWithVillager":2,"stat.pickup.minecraft.log2":34,"stat.mineBlock.minecraft.sandstone_stairs":6,"stat.killEntity.CaveSpider":2,"stat.useItem.minecraft.birch_fence":1,"stat.pickup.minecraft.potato":178,"stat.pickup.minecraft.oak_stairs":4,"stat.pickup.minecraft.rabbit_hide":1,"stat.entityKilledBy.Zombie":2,"stat.damageDealt":18967,"stat.craftItem.minecraft.glass":557,"stat.sleepInBed":2,"stat.useItem.minecraft.crafting_table":5,"stat.pickup.minecraft.minecart":3,"stat.craftItem.minecraft.iron_sword":1,"stat.craftItem.minecraft.stone_slab":6,"stat.craftItem.minecraft.stone_shovel":11,"stat.walkOneCm":4009609,"stat.mineBlock.minecraft.birch_fence":1,"stat.useItem.minecraft.chest":8,"stat.pickup.minecraft.stick":102,"stat.breakItem.minecraft.stone_pickaxe":16,"stat.pickup.minecraft.stone":340,"stat.craftItem.minecraft.iron_chestplate":1,"stat.drop.minecraft.potato":80,"stat.pickup.minecraft.ladder":45,"stat.pickup.minecraft.cooked_beef":63,"stat.useItem.minecraft.netherrack":35,"stat.killEntity.Skeleton":11,"stat.mineBlock.minecraft.cactus":1,"stat.killEntity.Spider":11,"stat.pickup.minecraft.bread":23,"stat.mobKills":90,"stat.pickup.minecraft.birch_fence":1,"stat.entityKilledBy.Husk":1,"stat.useItem.minecraft.mossy_cobblestone":1,"stat.mineBlock.minecraft.leaves":3,"stat.pickup.minecraft.beetroot_seeds":1,"stat.pickup.minecraft.torch":182,"stat.mineBlock.minecraft.redstone_ore":10,"stat.drop.minecraft.stone_axe":2,"stat.mineBlock.minecraft.stone":1885,"stat.useItem.minecraft.sandstone":109,"stat.breakItem.minecraft.wooden_pickaxe":1}