{"stat.useItem.minecraft.bow":410,"stat.leaveGame":21,"stat.pickup.minecraft.jungle_fence":3,"stat.killEntity.PigZombie":95,"stat.drop.minecraft.feather":20,"stat.mineBlock.minecraft.birch_fence_gate":2,"stat.drop.minecraft.iron_sword":7,"stat.pickup.minecraft.rotten_flesh":301,"stat.craftItem.minecraft.stone_axe":5,"stat.pickup.minecraft.bucket":3,"stat.killEntity.Enderman":10,"stat.craftItem.minecraft.iron_shovel":15,"stat.pickup.minecraft.brown_mushroom":2,"stat.killEntity.Witch":2,"stat.drop.minecraft.sand":3,"stat.useItem.minecraft.iron_pickaxe":2306,"stat.useItem.minecraft.iron_shovel":3322,"stat.pickup.minecraft.double_plant":18,"stat.mineBlock.minecraft.vine":115,"stat.mineBlock.minecraft.hopper":4,"stat.furnaceInteraction":495,"stat.drop.minecraft.gravel":20,"stat.killEntity.ZombieVillager":6,"stat.pickup.minecraft.nether_brick":7,"stat.useItem.minecraft.double_plant":9,"stat.pickup.minecraft.beef":3,"stat.mineBlock.minecraft.stained_hardened_clay":1,"stat.useItem.minecraft.fence":1,"achievement.openInventory":1728,"stat.mineBlock.minecraft.fence":3,"stat.useItem.minecraft.flint_and_steel":2,"stat.useItem.minecraft.wheat_seeds":2254,"stat.killEntity.Husk":15,"stat.craftItem.minecraft.dropper":1,"stat.pickup.minecraft.lever":6,"stat.deaths":3,"stat.pickup.minecraft.egg":202,"stat.craftItem.minecraft.iron_pickaxe":11,"stat.drop.minecraft.iron_ingot":27,"stat.drop.minecraft.torch":543,"stat.craftItem.minecraft.repeater":2,"stat.mineBlock.minecraft.tallgrass":208,"stat.craftItem.minecraft.cooked_mutton":1,"stat.pickup.minecraft.cooked_mutton":8,"stat.chestOpened":1356,"stat.useItem.minecraft.stone":80,"stat.pickup.minecraft.iron_sword":10,"stat.pickup.minecraft.arrow":441,"stat.killEntity.Ghast":2,"stat.pickup.minecraft.gold_nugget":38,"stat.drop.minecraft.iron_pickaxe":8,"stat.pickup.minecraft.carrot":9,"stat.drop.minecraft.stone_sword":3,"stat.crouchOneCm":31238,"stat.mineBlock.minecraft.chest":14,"stat.craftItem.minecraft.iron_ingot":263,"stat.craftItem.minecraft.hopper":19,"stat.craftingTableInteraction":281,"stat.pickup.minecraft.repeater":8,"stat.useItem.minecraft.reeds":4,"stat.pickup.minecraft.dye":471,"stat.pickup.minecraft.planks":936,"stat.drop.minecraft.jungle_fence":2,"stat.pickup.minecraft.wheat_seeds":3778,"stat.mineBlock.minecraft.glass":21,"stat.mineBlock.minecraft.dirt":4122,"stat.useItem.minecraft.bread":163,"stat.drop.minecraft.rotten_flesh":116,"stat.useItem.minecraft.cobblestone":1946,"stat.pickup.minecraft.magma":117,"stat.useItem.minecraft.gravel":1,"stat.mineBlock.minecraft.double_plant":5,"stat.drop.minecraft.chicken":1,"stat.pickup.minecraft.iron_pickaxe":12,"stat.drop.minecraft.iron_ore":4,"stat.drop.minecraft.carrot":5,"stat.useItem.minecraft.yellow_flower":3,"stat.craftItem.minecraft.gold_ingot":52,"stat.drop.minecraft.sapling":1,"stat.pickup.minecraft.hopper":8,"stat.drop.minecraft.gold_nugget":1,"stat.pickup.minecraft.apple":24,"stat.breakItem.minecraft.stone_shovel":5,"stat.craftItem.minecraft.bucket":11,"stat.craftItem.minecraft.planks":3548,"stat.useItem.minecraft.iron_sword":1546,"stat.itemEnchanted":27,"stat.pickup.minecraft.stone_sword":5,"stat.useItem.minecraft.stonebrick":216,"stat.pickup.minecraft.book":9,"stat.mineBlock.minecraft.log":2237,"stat.useItem.minecraft.wooden_door":1,"stat.craftItem.minecraft.paper":36,"stat.pickup.minecraft.red_flower":6,"stat.pickup.minecraft.wool":6,"stat.drop.minecraft.grass":2,"stat.useItem.minecraft.iron_axe":2584,"stat.mineBlock.minecraft.cobblestone":674,"stat.pickup.minecraft.stone_pickaxe":10,"stat.pickup.minecraft.flint":8,"stat.mineBlock.minecraft.yellow_flower":1,"stat.craftItem.minecraft.wool":2,"stat.pickup.minecraft.enchanted_book":1,"stat.drop.minecraft.cobblestone":348,"stat.pickup.minecraft.cooked_porkchop":4,"stat.breakItem.minecraft.iron_pickaxe":8,"stat.pickup.minecraft.bow":66,"stat.pickup.minecraft.iron_boots":6,"stat.pickup.minecraft.stone_hoe":5,"stat.useItem.minecraft.egg":2928,"stat.craftItem.minecraft.iron_boots":3,"stat.craftItem.minecraft.cooked_beef":88,"stat.mineBlock.minecraft.obsidian":19,"stat.craftItem.minecraft.bow":15,"stat.mineBlock.minecraft.clay":8,"stat.flyOneCm":420586,"stat.drop.minecraft.iron_helmet":2,"stat.timeSinceDeath":2539247,"stat.drop.minecraft.spider_eye":4,"stat.killEntity.Bat":1,"stat.craftItem.minecraft.stonebrick":252,"stat.pickup.minecraft.nether_wart":2,"stat.killEntity.Wolf":2,"stat.mineBlock.minecraft.coal_ore":893,"stat.killEntity.Creeper":28,"stat.breakItem.minecraft.iron_sword":6,"stat.craftItem.minecraft.stone_hoe":1,"stat.talkedToVillager":13,"stat.pickup.minecraft.string":78,"stat.mineBlock.minecraft.ladder":39,"stat.drop.minecraft.obsidian":16,"stat.sprintOneCm":4576664,"stat.mineBlock.minecraft.stone_slab":34,"stat.drop.minecraft.stone_hoe":2,"stat.mineBlock.minecraft.diamond_ore":18,"stat.useItem.minecraft.snowball":5,"stat.pickup.minecraft.sugar":1,"stat.breakItem.minecraft.iron_shovel":12,"stat.useItem.minecraft.ladder":66,"stat.killEntity.Zombie":175,"stat.pickup.minecraft.snowball":48,"stat.craftItem.minecraft.dye":63,"stat.mineBlock.minecraft.gold_ore":71,"stat.diveOneCm":86986,"stat.drop.minecraft.diamond_pickaxe":2,"stat.pickup.minecraft.wheat":2082,"stat.mineBlock.minecraft.mossy_cobblestone":69,"stat.craftItem.minecraft.ladder":42,"stat.pickup.minecraft.sign":13,"stat.drop.minecraft.ladder":35,"stat.pickup.minecraft.stone_axe":2,"stat.pickup.minecraft.obsidian":16,"stat.craftItem.minecraft.diamond_sword":2,"stat.jump":20202,"stat.useItem.minecraft.sand":10,"stat.pickup.minecraft.coal":1246,"stat.pickup.minecraft.iron_ingot":4,"stat.craftItem.minecraft.lever":1,"stat.drop.minecraft.diamond_sword":3,"stat.pickup.minecraft.gunpowder":34,"stat.craftItem.minecraft.torch":912,"stat.breakItem.minecraft.golden_leggings":1,"stat.pickup.minecraft.dirt":4885,"stat.drop.minecraft.iron_shovel":6,"stat.useItem.minecraft.glass":177,"stat.useItem.minecraft.dispenser":25,"stat.pickup.minecraft.stone_shovel":5,"stat.pickup.minecraft.gold_ore":71,"stat.useItem.minecraft.sapling":243,"stat.mineBlock.minecraft.lapis_ore":39,"stat.pickup.minecraft.iron_axe":11,"stat.brewingstandInteraction":1,"stat.damageTaken":19494,"stat.mineBlock.minecraft.torch":477,"stat.mineBlock.minecraft.red_flower":4,"stat.mineBlock.minecraft.melon_block":1,"stat.mineBlock.minecraft.sapling":30,"stat.craftItem.minecraft.comparator":10,"stat.useItem.minecraft.birch_fence":44,"stat.pickup.minecraft.potato":2,"stat.breakItem.minecraft.iron_leggings":1,"stat.pickup.minecraft.rabbit_hide":1,"stat.craftItem.minecraft.stone_slab":180,"stat.mineBlock.minecraft.birch_fence":44,"stat.animalsBred":83,"stat.useItem.minecraft.chest":42,"stat.drop.minecraft.wheat":2,"stat.pickup.minecraft.diamond_pickaxe":3,"stat.useItem.minecraft.tnt":2,"stat.useItem.minecraft.lava_bucket":13,"stat.drop.minecraft.netherrack":388,"stat.useItem.minecraft.melon":6,"stat.useItem.minecraft.birch_fence_gate":2,"stat.craftItem.minecraft.iron_chestplate":2,"stat.pickup.minecraft.ender_pearl":7,"stat.pickup.minecraft.cooked_beef":15,"stat.pickup.minecraft.ladder":80,"stat.useItem.minecraft.netherrack":41,"stat.mineBlock.minecraft.stonebrick":82,"stat.mobKills":4053,"stat.craftItem.minecraft.shears":1,"stat.useItem.minecraft.mossy_cobblestone":3,"stat.pickup.minecraft.diamond":14,"stat.pickup.minecraft.torch":1263,"stat.drop.minecraft.stone_axe":1,"stat.drop.minecraft.arrow":79,"stat.breakItem.minecraft.stone_sword":5,"stat.craftItem.minecraft.iron_axe":11,"stat.killEntity.Blaze":48,"stat.useItem.minecraft.planks":14,"stat.pickup.minecraft.golden_boots":2,"stat.useItem.minecraft.water_bucket":293,"stat.pickup.minecraft.sand":202,"stat.useItem.minecraft.golden_sword":8,"stat.craftItem.minecraft.stone_sword":6,"stat.mineBlock.minecraft.snow_layer":10,"stat.mineBlock.minecraft.sand":199,"stat.hopperInspected":103,"stat.drop.minecraft.golden_sword":10,"stat.drop.minecraft.stone_slab":9,"stat.useItem.minecraft.cooked_mutton":9,"stat.useItem.minecraft.redstone":33,"achievement.mineWood":2004,"stat.pickup.minecraft.iron_chestplate":7,"stat.useItem.minecraft.stone_stairs":88,"stat.pickup.minecraft.stone_stairs":18,"stat.useItem.minecraft.hopper":24,"stat.drop.minecraft.snowball":35,"stat.pickup.minecraft.saddle":1,"stat.playOneMinute":3502161,"stat.pickup.minecraft.blaze_rod":18,"stat.drop.minecraft.string":21,"stat.useItem.minecraft.shears":12,"stat.pickup.minecraft.dispenser":11,"stat.pickup.minecraft.netherrack":583,"stat.drop.minecraft.hopper":1,"stat.craftItem.minecraft.carpet":9,"stat.mineBlock.minecraft.netherrack":270,"stat.mineBlock.minecraft.dispenser":12,"stat.mineBlock.minecraft.ice":43,"stat.craftItem.minecraft.redstone_torch":73,"stat.drop.minecraft.flint":1,"stat.craftItem.minecraft.iron_hoe":2,"stat.pickup.minecraft.cooked_chicken":186,"stat.fallOneCm":252596,"stat.drop.minecraft.stone":255,"stat.drop.minecraft.dye":27,"stat.pickup.minecraft.dropper":2,"stat.craftItem.minecraft.chest":43,"stat.drop.minecraft.book":1,"stat.mineBlock.minecraft.lever":6,"stat.pickup.minecraft.golden_leggings":2,"stat.pickup.minecraft.melon":6,"stat.useItem.minecraft.iron_hoe":40,"stat.pickup.minecraft.comparator":9,"stat.pickup.minecraft.feather":25,"stat.drop.minecraft.iron_leggings":6,"stat.drop.minecraft.bone":65,"stat.pickup.minecraft.iron_leggings":7,"stat.mineBlock.minecraft.gravel":37,"stat.useItem.minecraft.stone_pickaxe":5276,"stat.breakItem.minecraft.stone_axe":5,"stat.craftItem.minecraft.iron_leggings":3,"stat.useItem.minecraft.stone_sword":733,"stat.killEntity.Rabbit":1,"stat.drop.minecraft.stick":3,"stat.drop.minecraft.iron_axe":7,"stat.useItem.minecraft.torch":1387,"stat.pickup.minecraft.birch_fence_gate":2,"stat.craftItem.minecraft.stone_stairs":128,"stat.drop.minecraft.diamond_horse_armor":1,"stat.useItem.minecraft.log":253,"stat.pickup.minecraft.crafting_table":3,"stat.useItem.minecraft.comparator":17,"stat.pickup.minecraft.iron_hoe":5,"stat.killEntity.LavaSlime":16,"stat.pickup.minecraft.log":2504,"stat.pickup.minecraft.compass":1,"stat.breakItem.minecraft.iron_boots":3,"stat.drop.minecraft.planks":247,"stat.breakItem.minecraft.iron_helmet":3,"stat.pickup.minecraft.sapling":276,"stat.pickup.minecraft.wooden_door":1,"stat.breakItem.minecraft.iron_chestplate":2,"stat.drop.minecraft.bow":80,"stat.killEntity.WitherSkeleton":11,"stat.pickup.minecraft.golden_sword":16,"stat.craftItem.minecraft.cooked_chicken":106,"stat.useItem.minecraft.stone_hoe":41,"stat.sneakTime":23851,"stat.drop.minecraft.bucket":2,"stat.pickup.minecraft.stone_slab":49,"stat.pickup.minecraft.yellow_flower":3,"stat.pickup.minecraft.chest":65,"stat.drop.minecraft.stone_pickaxe":8,"stat.pickup.minecraft.bone":540,"stat.pickup.minecraft.redstone_torch":69,"stat.useItem.minecraft.repeater":8,"stat.drop.minecraft.mossy_cobblestone":5,"stat.useItem.minecraft.diamond_sword":349,"stat.swimOneCm":473196,"stat.climbOneCm":493033,"stat.drop.minecraft.brown_mushroom":2,"stat.useItem.minecraft.redstone_torch":47,"stat.useItem.minecraft.dirt":4193,"stat.pickup.minecraft.golden_helmet":2,"achievement.exploreAllBiomes":{"value":0,"progress":["Taiga M","Beach","DesertHills","Jungle","River","Forest","Ocean","JungleHills","JungleEdge","Taiga","Desert","Extreme Hills","Hell","Deep Ocean","Savanna"]},"stat.useItem.minecraft.red_flower":5,"stat.useItem.minecraft.iron_ore":1,"stat.drop.minecraft.ender_pearl":3,"stat.craftItem.minecraft.stone_pickaxe":43,"stat.mineBlock.minecraft.magma":116,"stat.pickup.minecraft.cobblestone":4951,"stat.useItem.minecraft.stone_shovel":1009,"stat.drop.minecraft.rabbit_hide":1,"stat.pickup.minecraft.soul_sand":4,"stat.drop.minecraft.wheat_seeds":134,"stat.useItem.minecraft.cooked_beef":57,"stat.pickup.minecraft.golden_pickaxe":1,"stat.pickup.minecraft.redstone":632,"stat.craftItem.minecraft.dispenser":14,"stat.mineBlock.minecraft.iron_ore":324,"stat.craftItem.minecraft.book":12,"stat.drop.minecraft.log":443,"stat.useItem.minecraft.sign":11,"stat.pickup.minecraft.mutton":1,"stat.pickup.minecraft.mossy_cobblestone":76,"stat.useItem.minecraft.lever":5,"stat.breakItem.minecraft.golden_sword":2,"stat.pickup.minecraft.stonebrick":83,"stat.drop.minecraft.dirt":883,"stat.pickup.minecraft.iron_shovel":7,"stat.useItem.minecraft.cooked_porkchop":4,"stat.pickup.minecraft.carpet":1,"stat.craftItem.minecraft.stick":780,"stat.useItem.minecraft.stone_slab":184,"stat.craftItem.minecraft.stone":1472,"stat.pickup.minecraft.grass":2,"stat.mineBlock.minecraft.crafting_table":2,"stat.drop.minecraft.leaves":11,"stat.useItem.minecraft.diamond_pickaxe":23,"stat.useItem.minecraft.bucket":316,"stat.entityKilledBy.Creeper":1,"stat.mineBlock.minecraft.planks":36,"stat.drop":516,"stat.drop.minecraft.iron_boots":4,"stat.craftItem.minecraft.diamond_pickaxe":1,"stat.pickup.minecraft.golden_chestplate":1,"stat.drop.minecraft.bread":32,"stat.craftItem.minecraft.piston":1,"stat.pickup.minecraft.gravel":44,"stat.drop.minecraft.cooked_beef":3,"stat.useItem.minecraft.apple":24,"stat.useItem.minecraft.carpet":8,"stat.pickup.minecraft.diamond_sword":7,"stat.pickup.minecraft.fence":1,"stat.pickup.minecraft.iron_helmet":2,"stat.useItem.minecraft.stone_axe":665,"stat.useItem.minecraft.piston":4,"stat.craftItem.minecraft.bread":208,"stat.pickup.minecraft.spider_eye":13,"stat.craftItem.minecraft.iron_helmet":5,"stat.useItem.minecraft.cooked_chicken":141,"stat.pickup.minecraft.iron_ore":335,"stat.craftItem.minecraft.flint_and_steel":1,"stat.pickup.minecraft.leaves":11,"stat.mineBlock.minecraft.stone_stairs":18,"stat.drop.minecraft.iron_hoe":3,"stat.pickup.minecraft.leather":5,"stat.dispenserInspected":67,"stat.drop.minecraft.water_bucket":1,"stat.pickup.minecraft.reeds":41,"stat.craftItem.minecraft.birch_fence":21,"stat.pickup.minecraft.oak_stairs":2,"stat.damageDealt":733929,"stat.craftItem.minecraft.glass":120,"stat.drop.minecraft.cooked_chicken":128,"stat.killEntity.Cow":3,"stat.useItem.minecraft.crafting_table":2,"stat.craftItem.minecraft.iron_sword":5,"stat.pickup.minecraft.piston":4,"stat.craftItem.minecraft.stone_shovel":6,"stat.walkOneCm":12538836,"stat.playerKills":2,"stat.pickup.minecraft.stick":272,"stat.pickup.minecraft.clay_ball":32,"stat.breakItem.minecraft.stone_pickaxe":39,"stat.craftItem.minecraft.birch_fence_gate":1,"stat.drop.minecraft.iron_chestplate":5,"stat.pickup.minecraft.stone":747,"stat.pickup.minecraft.gold_ingot":12,"stat.killEntity.Skeleton":3533,"stat.killEntity.Chicken":32,"stat.mineBlock.minecraft.redstone_torch":30,"stat.killEntity.Spider":46,"stat.pickup.minecraft.bread":108,"stat.mineBlock.minecraft.quartz_ore":147,"stat.craftItem.minecraft.tnt":2,"stat.pickup.minecraft.quartz":240,"stat.pickup.minecraft.birch_fence":44,"stat.breakItem.minecraft.iron_axe":10,"stat.pickup.minecraft.water_bucket":1,"stat.mineBlock.minecraft.leaves":1051,"stat.mineBlock.minecraft.piston":4,"stat.mineBlock.minecraft.redstone_ore":117,"stat.mineBlock.minecraft.stone":4259}