{"stat.useItem.minecraft.bow":4,"stat.leaveGame":29,"stat.drop.minecraft.redstone":4,"stat.mineBlock.minecraft.sandstone":313,"stat.killEntity.PigZombie":2,"stat.useItem.minecraft.planks":123,"stat.craftItem.minecraft.shield":2,"stat.mineBlock.minecraft.web":32,"stat.craftItem.minecraft.stone_pressure_plate":3,"stat.pickup.minecraft.porkchop":3,"stat.pickup.minecraft.glass":432,"stat.drop.minecraft.iron_sword":4,"stat.useItem.minecraft.water_bucket":55,"stat.pickup.minecraft.rotten_flesh":116,"stat.drop.minecraft.poisonous_potato":2,"stat.pickup.minecraft.sand":2164,"stat.entityKilledBy.Spider":2,"stat.craftItem.minecraft.stone_axe":8,"stat.pickup.minecraft.cobblestone_wall":8,"stat.craftItem.minecraft.noteblock":1,"stat.pickup.minecraft.bucket":2,"stat.useItem.minecraft.rail":91,"stat.craftItem.minecraft.stone_sword":3,"stat.pickup.minecraft.brown_mushroom":6,"stat.mineBlock.minecraft.sand":2080,"stat.killEntity.Witch":1,"stat.drop.minecraft.sand":3,"stat.useItem.minecraft.iron_pickaxe":501,"stat.pickup.minecraft.stained_hardened_clay":6,"stat.craftItem.minecraft.wooden_pickaxe":3,"stat.useItem.minecraft.iron_shovel":116,"stat.pickup.minecraft.double_plant":12,"stat.craftItem.minecraft.glass_pane":160,"stat.mineBlock.minecraft.vine":4,"stat.useItem.minecraft.oak_stairs":3,"stat.mineBlock.minecraft.sticky_piston":10,"stat.furnaceInteraction":342,"stat.drop.minecraft.gravel":65,"stat.mineBlock.minecraft.rail":63,"stat.pickup.minecraft.wooden_button":10,"stat.noteblockPlayed":5,"stat.pickup.minecraft.furnace":2,"stat.mineBlock.minecraft.wooden_button":5,"stat.useItem.minecraft.redstone":3,"stat.drop.minecraft.cactus":2,"stat.drop.minecraft.wooden_button":1,"stat.useItem.minecraft.trapdoor":3,"stat.mineBlock.minecraft.stained_hardened_clay":5,"stat.pickup.minecraft.iron_chestplate":3,"stat.useItem.minecraft.fence":42,"stat.useItem.minecraft.stone_stairs":89,"stat.pickup.minecraft.stone_stairs":33,"stat.mineBlock.minecraft.fence":162,"stat.useItem.minecraft.flint_and_steel":58,"stat.useItem.minecraft.wheat_seeds":203,"stat.useItem.minecraft.wooden_button":5,"stat.killEntity.Husk":47,"stat.pickup.minecraft.emerald":46,"stat.pickup.minecraft.lever":10,"stat.deaths":13,"stat.pickup.minecraft.egg":2,"stat.playOneMinute":1821360,"stat.craftItem.minecraft.iron_pickaxe":2,"stat.pickup.minecraft.glass_pane":9,"stat.drop.minecraft.torch":52,"stat.mineBlock.minecraft.tallgrass":197,"stat.pickup.minecraft.netherrack":78,"stat.craftItem.minecraft.cooked_mutton":7,"stat.chestOpened":907,"stat.pickup.minecraft.pumpkin":12,"stat.craftItem.minecraft.sign":18,"stat.useItem.minecraft.stone":932,"stat.craftItem.minecraft.carpet":3,"stat.mineBlock.minecraft.netherrack":80,"stat.pickup.minecraft.iron_sword":8,"stat.pickup.minecraft.arrow":48,"stat.pickup.minecraft.waterlily":17,"stat.pickup.minecraft.wooden_pressure_plate":4,"stat.drop.minecraft.flint":2,"stat.pickup.minecraft.detector_rail":1,"stat.pickup.minecraft.gold_nugget":1,"stat.pickup.minecraft.cooked_chicken":521,"stat.fallOneCm":70732,"stat.drop.minecraft.stone":3,"stat.drop.minecraft.stone_sword":1,"stat.pickup.minecraft.melon_seeds":2,"stat.crouchOneCm":1374,"stat.mineBlock.minecraft.chest":14,"stat.pickup.minecraft.rail":136,"stat.craftItem.minecraft.chest":15,"stat.craftItem.minecraft.iron_ingot":243,"stat.mineBlock.minecraft.lever":10,"stat.craftingTableInteraction":92,"stat.mineBlock.minecraft.wooden_pressure_plate":4,"stat.mineBlock.minecraft.log2":53,"stat.useItem.minecraft.golden_rail":8,"stat.pickup.minecraft.feather":192,"stat.useItem.minecraft.furnace":1,"stat.pickup.minecraft.dye":18,"stat.pickup.minecraft.planks":359,"stat.pickup.minecraft.iron_leggings":1,"stat.pickup.minecraft.wheat_seeds":277,"stat.mineBlock.minecraft.gravel":850,"stat.useItem.minecraft.stone_pickaxe":5120,"stat.breakItem.minecraft.stone_axe":2,"stat.mineBlock.minecraft.glass":71,"stat.useItem.minecraft.stone_sword":191,"stat.craftItem.minecraft.iron_leggings":3,"stat.killEntity.Rabbit":1,"stat.mineBlock.minecraft.dirt":1432,"stat.pickup.minecraft.poisonous_potato":42,"stat.drop.minecraft.stick":3,"stat.useItem.minecraft.torch":311,"stat.useItem.minecraft.bread":2,"stat.drop.minecraft.rotten_flesh":13,"stat.craftItem.minecraft.stone_stairs":188,"stat.pickup.minecraft.crafting_table":3,"stat.useItem.minecraft.cobblestone":566,"stat.pickup.minecraft.magma":1,"stat.craftItem.minecraft.crafting_table":3,"stat.useItem.minecraft.gravel":778,"stat.mineBlock.minecraft.double_plant":15,"stat.minecartOneCm":83243,"stat.pickup.minecraft.log":52,"stat.drop.minecraft.sign":1,"stat.drop.minecraft.glass_pane":15,"stat.drop.minecraft.stonebrick":1,"stat.craftItem.minecraft.stone_button":3,"stat.drop.minecraft.iron_ore":6,"stat.craftItem.minecraft.gold_ingot":6,"stat.drop.minecraft.planks":17,"stat.pickup.minecraft.sapling":5,"stat.pickup.minecraft.apple":142,"stat.drop.minecraft.melon_seeds":2,"stat.useItem.minecraft.glass_pane":22,"stat.breakItem.minecraft.stone_shovel":11,"stat.drop.minecraft.bow":2,"stat.craftItem.minecraft.bucket":1,"stat.craftItem.minecraft.planks":424,"stat.useItem.minecraft.iron_sword":1175,"stat.pickup.minecraft.stone_sword":3,"stat.useItem.minecraft.wooden_pressure_plate":1,"stat.useItem.minecraft.stonebrick":341,"stat.mineBlock.minecraft.log":53,"stat.mineBlock.minecraft.waterlily":8,"stat.useItem.minecraft.stone_hoe":65,"stat.pickup.minecraft.red_flower":8,"stat.sneakTime":561,"stat.pickup.minecraft.wool":4,"stat.pickup.minecraft.rabbit":2,"stat.mineBlock.minecraft.cobblestone_wall":8,"stat.useItem.minecraft.wooden_axe":33,"stat.pickup.minecraft.stone_slab":4,"stat.pickup.minecraft.chest":18,"stat.drop.minecraft.stone_pickaxe":2,"stat.pickup.minecraft.bone":28,"stat.craftItem.minecraft.sticky_piston":2,"stat.pickup.minecraft.stone_pressure_plate":1,"stat.drop.minecraft.stone_shovel":1,"stat.mineBlock.minecraft.cobblestone":432,"stat.mineBlock.minecraft.pumpkin":14,"stat.pickup.minecraft.stone_pickaxe":21,"stat.pickup.minecraft.flint":92,"stat.breakItem.minecraft.shield":1,"stat.mineBlock.minecraft.brown_mushroom":1,"stat.craftItem.minecraft.wool":2,"stat.swimOneCm":498813,"stat.craftItem.minecraft.clock":1,"stat.climbOneCm":275467,"stat.pickup.minecraft.enchanted_book":1,"stat.drop.minecraft.sticky_piston":1,"stat.drop.minecraft.cobblestone":63,"stat.enderchestOpened":6,"stat.breakItem.minecraft.iron_pickaxe":2,"stat.useItem.minecraft.obsidian":7,"stat.pickup.minecraft.sticky_piston":11,"stat.useItem.minecraft.dirt":574,"stat.pickup.minecraft.bow":9,"stat.pickup.minecraft.iron_boots":1,"stat.craftItem.minecraft.furnace":1,"stat.pickup.minecraft.pumpkin_pie":3,"stat.craftItem.minecraft.iron_boots":3,"stat.useItem.minecraft.iron_ore":6,"stat.craftItem.minecraft.trapdoor":2,"stat.craftItem.minecraft.stone_pickaxe":44,"stat.mineBlock.minecraft.magma":1,"stat.pickup.minecraft.cobblestone":3456,"stat.craftItem.minecraft.bow":1,"stat.mineBlock.minecraft.carpet":4,"stat.mineBlock.minecraft.noteblock":4,"stat.useItem.minecraft.stone_shovel":2141,"stat.flyOneCm":175920,"stat.pickup.minecraft.sandstone":576,"stat.useItem.minecraft.cooked_beef":70,"stat.pickup.minecraft.cactus":7,"stat.pickup.minecraft.redstone":47,"stat.mineBlock.minecraft.iron_ore":206,"stat.timeSinceDeath":1118404,"stat.useItem.minecraft.sign":13,"stat.drop.minecraft.spider_eye":2,"stat.pickup.minecraft.mutton":7,"stat.pickup.minecraft.mossy_cobblestone":7,"stat.useItem.minecraft.noteblock":4,"stat.craftItem.minecraft.cake":2,"stat.drop.minecraft.coal":2,"stat.craftItem.minecraft.stonebrick":300,"stat.useItem.minecraft.lever":11,"stat.useItem.minecraft.potato":1041,"stat.pickup.minecraft.stonebrick":80,"stat.drop.minecraft.dirt":12,"stat.killEntity.Wolf":1,"stat.pickup.minecraft.iron_shovel":1,"stat.useItem.minecraft.cooked_porkchop":1,"stat.pickup.minecraft.trapdoor":1,"stat.pickup.minecraft.carpet":4,"stat.mineBlock.minecraft.coal_ore":701,"stat.pickup.minecraft.shield":2,"stat.killEntity.Creeper":2,"stat.craftItem.minecraft.stone_hoe":2,"stat.talkedToVillager":173,"stat.pickup.minecraft.string":85,"stat.mineBlock.minecraft.ladder":20,"stat.entityKilledBy.Skeleton":1,"stat.sprintOneCm":1468484,"stat.mineBlock.minecraft.stone_slab":4,"stat.craftItem.minecraft.stick":364,"stat.craftItem.minecraft.wooden_axe":1,"stat.useItem.minecraft.stone_slab":6,"stat.useItem.minecraft.bed":1,"stat.craftItem.minecraft.stone":1669,"stat.mineBlock.minecraft.crafting_table":3,"stat.useItem.minecraft.stone_pressure_plate":3,"stat.useItem.minecraft.bucket":56,"stat.mineBlock.minecraft.planks":272,"stat.drop":112,"stat.killEntity.Sheep":5,"stat.breakItem.minecraft.iron_shovel":1,"stat.useItem.minecraft.ladder":94,"stat.pickup.minecraft.slime_ball":10,"stat.craftItem.minecraft.emerald":121,"stat.killEntity.Zombie":44,"stat.craftItem.minecraft.dye":2,"stat.mineBlock.minecraft.gold_ore":6,"stat.diveOneCm":1143660,"stat.pickup.minecraft.wheat":140,"stat.craftItem.minecraft.sandstone":443,"stat.mineBlock.minecraft.mossy_cobblestone":5,"stat.craftItem.minecraft.piston":2,"stat.useItem.minecraft.sticky_piston":12,"stat.craftItem.minecraft.ladder":39,"stat.pickup.minecraft.sign":3,"stat.pickup.minecraft.gravel":878,"stat.drop.minecraft.cooked_beef":2,"stat.craftItem.minecraft.cooked_porkchop":3,"stat.killEntity.Slime":7,"stat.pickup.minecraft.stone_axe":9,"stat.mineBlock.minecraft.deadbush":6,"stat.pickup.minecraft.obsidian":7,"stat.useItem.minecraft.carpet":7,"stat.drop.minecraft.sandstone":190,"stat.jump":9891,"stat.useItem.minecraft.sand":498,"stat.pickup.minecraft.fence":187,"stat.pickup.minecraft.coal":694,"stat.pickup.minecraft.iron_ingot":1,"stat.craftItem.minecraft.lever":1,"stat.useItem.minecraft.stone_axe":571,"stat.pickup.minecraft.gunpowder":15,"stat.entityKilledBy.CaveSpider":1,"stat.pickup.minecraft.spider_eye":15,"stat.craftItem.minecraft.torch":108,"stat.pickup.minecraft.dirt":1501,"stat.useItem.minecraft.stone_button":4,"stat.craftItem.minecraft.iron_helmet":2,"stat.useItem.minecraft.cooked_chicken":39,"stat.pickup.minecraft.iron_ore":235,"stat.useItem.minecraft.glass":429,"stat.pickup.minecraft.stone_shovel":12,"stat.boatOneCm":82972,"stat.pickup.minecraft.gold_ore":6,"stat.craftItem.minecraft.flint_and_steel":1,"stat.mineBlock.minecraft.lapis_ore":2,"stat.mineBlock.minecraft.leaves2":16,"stat.mineBlock.minecraft.glass_pane":10,"stat.mineBlock.minecraft.stone_stairs":31,"stat.damageTaken":10271,"stat.mineBlock.minecraft.torch":140,"stat.mineBlock.minecraft.red_flower":20,"stat.useItem.minecraft.wooden_pickaxe":94,"stat.tradedWithVillager":141,"stat.noteblockTuned":89,"stat.pickup.minecraft.log2":49,"stat.mineBlock.minecraft.sandstone_stairs":6,"stat.killEntity.CaveSpider":2,"stat.pickup.minecraft.bed":1,"stat.useItem.minecraft.birch_fence":3,"stat.pickup.minecraft.potato":2746,"stat.pickup.minecraft.oak_stairs":4,"stat.pickup.minecraft.rabbit_hide":2,"stat.entityKilledBy.Zombie":2,"stat.damageDealt":32177,"stat.craftItem.minecraft.glass":557,"stat.sleepInBed":5,"stat.useItem.minecraft.crafting_table":5,"stat.pickup.minecraft.minecart":3,"stat.killEntity.Pig":1,"stat.craftItem.minecraft.iron_sword":4,"stat.craftItem.minecraft.stone_slab":6,"stat.craftItem.minecraft.stone_shovel":24,"stat.walkOneCm":7175951,"stat.mineBlock.minecraft.birch_fence":3,"stat.useItem.minecraft.chest":32,"stat.pickup.minecraft.stick":105,"stat.drop.minecraft.noteblock":1,"stat.pickup.minecraft.noteblock":4,"stat.breakItem.minecraft.stone_pickaxe":32,"stat.pickup.minecraft.stone":846,"stat.craftItem.minecraft.iron_chestplate":4,"stat.drop.minecraft.potato":84,"stat.pickup.minecraft.ladder":57,"stat.pickup.minecraft.cooked_beef":65,"stat.useItem.minecraft.netherrack":42,"stat.killEntity.Skeleton":18,"stat.mineBlock.minecraft.cactus":1,"stat.mineBlock.minecraft.stonebrick":82,"stat.killEntity.Spider":30,"stat.pickup.minecraft.bread":23,"stat.mobKills":162,"stat.pickup.minecraft.birch_fence":3,"stat.entityKilledBy.Husk":1,"stat.useItem.minecraft.mossy_cobblestone":1,"stat.mineBlock.minecraft.leaves":9,"stat.pickup.minecraft.beetroot_seeds":1,"stat.pickup.minecraft.torch":316,"stat.mineBlock.minecraft.redstone_ore":10,"stat.drop.minecraft.stone_axe":4,"stat.mineBlock.minecraft.stone":3471,"stat.useItem.minecraft.sandstone":333,"stat.breakItem.minecraft.wooden_pickaxe":1}