{"stat.useItem.minecraft.bow":505,"stat.craftItem.minecraft.acacia_boat":1,"stat.leaveGame":229,"stat.drop.minecraft.gunpowder":3,"stat.pickup.minecraft.jungle_fence":222,"stat.drop.minecraft.redstone":1,"stat.useItem.minecraft.glowstone":4,"stat.mineBlock.minecraft.sandstone":1739,"stat.craftItem.minecraft.ender_eye":14,"stat.killEntity.PigZombie":81,"stat.drop.minecraft.enchanted_book":1,"stat.craftItem.minecraft.shield":4,"stat.mineBlock.minecraft.web":82,"stat.drop.minecraft.feather":1098,"stat.entityKilledBy.PigZombie":1,"stat.pickup.minecraft.leaves2":48,"stat.drop.minecraft.iron_sword":6,"stat.pickup.minecraft.rotten_flesh":976,"stat.useItem.minecraft.sandstone_stairs":379,"stat.craftItem.minecraft.stone_axe":10,"stat.useItem.minecraft.vine":1,"stat.pickup.minecraft.cobblestone_wall":158,"stat.pickup.minecraft.bucket":19,"stat.useItem.minecraft.rail":228,"stat.killEntity.Enderman":23,"stat.pickup.minecraft.leather_boots":2,"stat.useItem.minecraft.anvil":2,"stat.craftItem.minecraft.iron_shovel":7,"stat.pickup.minecraft.brown_mushroom":7,"stat.killEntity.Witch":6,"stat.drop.minecraft.sand":64,"stat.mineBlock.minecraft.end_stone":29,"stat.killEntity.Villager":7,"stat.useItem.minecraft.spider_eye":1,"stat.useItem.minecraft.iron_pickaxe":2819,"stat.pickup.minecraft.stained_hardened_clay":24,"stat.craftItem.minecraft.wooden_pickaxe":2,"stat.craftItem.minecraft.iron_door":6,"stat.useItem.minecraft.iron_shovel":1474,"stat.craftItem.minecraft.bed":3,"stat.mineBlock.minecraft.vine":49,"stat.pickup.minecraft.wooden_shovel":3,"stat.furnaceInteraction":592,"stat.drop.minecraft.gravel":203,"stat.useItem.minecraft.nether_wart":72,"stat.mineBlock.minecraft.rail":50,"stat.killEntity.ZombieVillager":8,"stat.pickup.minecraft.nether_brick":16,"stat.noteblockPlayed":2,"stat.drop.minecraft.red_flower":17,"stat.useItem.minecraft.end_stone":3,"stat.pickup.minecraft.beef":1192,"stat.mineBlock.minecraft.wooden_button":3,"stat.drop.minecraft.cactus":55,"stat.craftItem.minecraft.golden_leggings":1,"stat.mineBlock.minecraft.stained_hardened_clay":24,"stat.useItem.minecraft.trapdoor":50,"stat.drop.minecraft.magma":9,"stat.useItem.minecraft.fence":488,"stat.drop.minecraft.stone_pressure_plate":1,"stat.useItem.minecraft.acacia_fence":25,"stat.pickup.minecraft.potion":1,"stat.useItem.minecraft.flint_and_steel":157,"stat.mineBlock.minecraft.fence":348,"stat.useItem.minecraft.wheat_seeds":3146,"stat.useItem.minecraft.wooden_button":12,"stat.killEntity.Husk":117,"stat.pickup.minecraft.emerald":97,"stat.useItem.minecraft.dye":792,"stat.useItem.minecraft.beef":1,"stat.deaths":65,"stat.pickup.minecraft.egg":27,"stat.drop.minecraft.golden_pickaxe":1,"stat.useItem.minecraft.nether_brick":2,"stat.craftItem.minecraft.iron_pickaxe":13,"stat.pickup.minecraft.glass_pane":15,"stat.drop.minecraft.torch":158,"stat.mineBlock.minecraft.tallgrass":300,"stat.craftItem.minecraft.cooked_mutton":23,"stat.breakItem.minecraft.golden_pickaxe":1,"stat.pickup.minecraft.cooked_mutton":13,"stat.chestOpened":3545,"stat.craftItem.minecraft.sign":12,"stat.useItem.minecraft.stone":2123,"stat.useItem.minecraft.jungle_fence":123,"stat.pickup.minecraft.arrow":741,"stat.pickup.minecraft.iron_sword":66,"stat.pickup.minecraft.wooden_pressure_plate":20,"stat.useItem.minecraft.ender_chest":4,"stat.craftItem.minecraft.quartz_block":110,"stat.pickup.minecraft.gold_nugget":67,"stat.drop.minecraft.iron_pickaxe":7,"stat.craftItem.minecraft.ender_chest":4,"stat.pickup.minecraft.carrot":1150,"stat.drop.minecraft.stone_sword":15,"stat.crouchOneCm":1185,"stat.mineBlock.minecraft.chest":37,"stat.pickup.minecraft.rail":53,"stat.craftItem.minecraft.iron_ingot":331,"stat.craftingTableInteraction":667,"stat.mineBlock.minecraft.wooden_pressure_plate":5,"stat.mineBlock.minecraft.log2":278,"stat.pickup.minecraft.wooden_pickaxe":1,"stat.useItem.minecraft.reeds":289,"stat.pickup.minecraft.dye":482,"stat.mineBlock.minecraft.jungle_fence":30,"stat.pickup.minecraft.planks":1971,"stat.drop.minecraft.jungle_fence":2,"stat.pickup.minecraft.wheat_seeds":5815,"stat.mineBlock.minecraft.glass":275,"stat.useItem.minecraft.enchanting_table":1,"stat.mineBlock.minecraft.dirt":2734,"stat.pickup.minecraft.poisonous_potato":234,"stat.useItem.minecraft.bread":90,"stat.drop.minecraft.rotten_flesh":167,"stat.useItem.minecraft.cobblestone":9521,"stat.pickup.minecraft.magma":68,"stat.useItem.minecraft.gravel":606,"stat.mineBlock.minecraft.double_plant":4,"stat.minecartOneCm":611109,"stat.breakItem.minecraft.golden_helmet":2,"stat.useItem.minecraft.jungle_fence_gate":1,"stat.drop.minecraft.chicken":2,"stat.pickup.minecraft.iron_pickaxe":34,"stat.drop.minecraft.carrot":44,"stat.craftItem.minecraft.gold_ingot":153,"stat.drop.minecraft.sapling":30,"stat.pickup.minecraft.chicken":30,"stat.drop.minecraft.gold_nugget":3,"stat.craftItem.minecraft.brewing_stand":1,"stat.useItem.minecraft.tallgrass":17,"stat.pickup.minecraft.apple":123,"stat.pickup.minecraft.end_stone":48,"stat.useItem.minecraft.glass_pane":4,"stat.breakItem.minecraft.stone_shovel":89,"stat.craftItem.minecraft.bucket":9,"stat.craftItem.minecraft.planks":3078,"stat.useItem.minecraft.iron_sword":2954,"stat.itemEnchanted":28,"stat.useItem.minecraft.acacia_boat":31,"stat.pickup.minecraft.stone_sword":26,"stat.useItem.minecraft.stonebrick":3,"stat.pickup.minecraft.book":256,"stat.mineBlock.minecraft.log":234,"stat.craftItem.minecraft.wooden_door":192,"stat.useItem.minecraft.wooden_door":228,"stat.pickup.minecraft.iron_door":6,"stat.craftItem.minecraft.paper":36,"stat.pickup.minecraft.red_flower":28,"stat.pickup.minecraft.wool":19,"stat.useItem.minecraft.wooden_axe":56,"stat.cakeSlicesEaten":3,"stat.pickup.minecraft.bookshelf":30,"stat.useItem.minecraft.iron_axe":498,"stat.drop.minecraft.stone_shovel":9,"stat.mineBlock.minecraft.cobblestone":1853,"stat.pickup.minecraft.stone_pickaxe":76,"stat.pickup.minecraft.flint":99,"stat.mineBlock.minecraft.yellow_flower":1,"stat.entityKilledBy.Witch":1,"stat.pickup.minecraft.leather_chestplate":3,"stat.craftItem.minecraft.wool":11,"stat.pickup.minecraft.enchanted_book":12,"stat.pickup.minecraft.glowstone":1,"stat.drop.minecraft.cobblestone":276,"stat.breakItem.minecraft.iron_pickaxe":9,"stat.craftItem.minecraft.arrow":82,"stat.useItem.minecraft.obsidian":95,"stat.useItem.minecraft.cookie":9,"stat.pickup.minecraft.bow":59,"stat.pickup.minecraft.iron_boots":25,"stat.pickup.minecraft.stone_hoe":28,"stat.craftItem.minecraft.furnace":15,"stat.craftItem.minecraft.iron_boots":13,"stat.pickup.minecraft.pumpkin_pie":3,"stat.craftItem.minecraft.cooked_beef":1011,"stat.mineBlock.minecraft.obsidian":156,"stat.pickup.minecraft.shears":4,"stat.craftItem.minecraft.bow":26,"stat.mineBlock.minecraft.clay":1,"stat.flyOneCm":2443606,"stat.drop.minecraft.iron_helmet":3,"stat.pickup.minecraft.sandstone":2926,"stat.timeSinceDeath":639306,"stat.drop.minecraft.spider_eye":15,"stat.useItem.minecraft.iron_door":11,"stat.craftItem.minecraft.iron_block":8,"stat.killEntity.Bat":4,"stat.useItem.minecraft.potato":5928,"stat.pickup.minecraft.nether_wart":243,"stat.pickup.minecraft.spruce_fence":1,"stat.drop.minecraft.flint_and_steel":2,"stat.mineBlock.minecraft.coal_ore":665,"stat.drop.minecraft.wool":3,"stat.killEntity.Creeper":21,"stat.pickup.minecraft.shield":14,"stat.craftItem.minecraft.stone_hoe":12,"stat.talkedToVillager":1513,"stat.breakItem.minecraft.iron_sword":4,"stat.pickup.minecraft.string":311,"stat.mineBlock.minecraft.ladder":132,"stat.useItem.minecraft.milk_bucket":6,"stat.entityKilledBy.Skeleton":4,"stat.drop.minecraft.obsidian":13,"stat.drop.minecraft.jungle_stairs":1,"stat.drop.minecraft.oak_stairs":4,"stat.killEntity.Squid":2,"stat.sprintOneCm":19673622,"stat.drop.minecraft.leather":4,"stat.mineBlock.minecraft.stone_slab":13,"stat.drop.minecraft.stone_hoe":2,"stat.mineBlock.minecraft.diamond_ore":3,"stat.pickup.minecraft.leather_leggings":1,"stat.craftItem.minecraft.wooden_pressure_plate":7,"stat.drop.minecraft.cobblestone_wall":1,"stat.pickup.minecraft.sugar":6,"stat.pickup.minecraft.vine":24,"stat.craftItem.minecraft.golden_sword":10,"stat.craftItem.minecraft.leather_chestplate":1,"stat.useItem.minecraft.cake":1,"stat.breakItem.minecraft.iron_shovel":3,"stat.useItem.minecraft.ladder":421,"stat.craftItem.minecraft.emerald":552,"stat.pickup.minecraft.iron_block":4,"stat.killEntity.Zombie":203,"stat.craftItem.minecraft.dye":803,"stat.craftItem.minecraft.sandstone_stairs":292,"stat.mineBlock.minecraft.gold_ore":24,"stat.diveOneCm":2725779,"stat.drop.minecraft.diamond_pickaxe":1,"stat.pickup.minecraft.wheat":3589,"stat.craftItem.minecraft.sandstone":988,"stat.mineBlock.minecraft.mossy_cobblestone":50,"stat.craftItem.minecraft.ladder":402,"stat.pickup.minecraft.sign":33,"stat.craftItem.minecraft.cooked_porkchop":5,"stat.drop.minecraft.ladder":127,"stat.useItem.minecraft.chicken":3,"stat.pickup.minecraft.stone_axe":26,"stat.pickup.minecraft.obsidian":168,"stat.useItem.minecraft.rotten_flesh":203,"stat.drop.minecraft.apple":71,"stat.craftItem.minecraft.diamond_sword":2,"stat.drop.minecraft.sandstone":258,"stat.jump":45999,"stat.useItem.minecraft.sand":4654,"stat.pickup.minecraft.coal":1620,"stat.pickup.minecraft.iron_ingot":114,"stat.drop.minecraft.diamond_sword":2,"stat.pickup.minecraft.gunpowder":47,"stat.craftItem.minecraft.torch":2004,"stat.pickup.minecraft.dirt":4546,"stat.breakItem.minecraft.leather_chestplate":1,"stat.drop.minecraft.iron_shovel":2,"stat.useItem.minecraft.glass":961,"stat.pickup.minecraft.stone_shovel":15,"stat.pickup.minecraft.gold_ore":23,"stat.useItem.minecraft.sapling":1,"stat.mineBlock.minecraft.lapis_ore":20,"stat.pickup.minecraft.iron_axe":25,"stat.mineBlock.minecraft.glass_pane":4,"stat.brewingstandInteraction":3,"stat.damageTaken":67919,"stat.mineBlock.minecraft.torch":549,"stat.mineBlock.minecraft.melon_block":1,"stat.mineBlock.minecraft.red_flower":5,"stat.tradedWithVillager":682,"stat.useItem.minecraft.acacia_door":73,"stat.mineBlock.minecraft.sapling":1,"stat.pickup.minecraft.magma_cream":1,"stat.noteblockTuned":49,"stat.pickup.minecraft.log2":299,"stat.mineBlock.minecraft.sandstone_stairs":112,"stat.craftItem.minecraft.glowstone":12,"stat.pickup.minecraft.bed":39,"stat.useItem.minecraft.birch_fence":74,"stat.pickup.minecraft.acacia_fence":22,"stat.pickup.minecraft.potato":14028,"stat.mineBlock.minecraft.fence_gate":1,"stat.breakItem.minecraft.iron_leggings":3,"stat.entityKilledBy.Zombie":6,"stat.pickup.minecraft.rabbit_hide":6,"stat.killEntity.Silverfish":12,"stat.craftItem.minecraft.stone_slab":12,"stat.animalsBred":711,"stat.mineBlock.minecraft.birch_fence":18,"stat.useItem.minecraft.chest":56,"stat.drop.minecraft.wheat":66,"stat.pickup.minecraft.diamond_pickaxe":4,"stat.pickup.minecraft.noteblock":1,"stat.useItem.minecraft.lava_bucket":17,"stat.drop.minecraft.netherrack":143,"stat.useItem.minecraft.melon":3,"stat.craftItem.minecraft.iron_chestplate":15,"stat.drop.minecraft.potato":444,"stat.pickup.minecraft.ender_pearl":14,"stat.drop.minecraft.egg":24,"stat.breakItem.minecraft.stone_hoe":6,"stat.pickup.minecraft.ladder":625,"stat.pickup.minecraft.cooked_beef":1499,"stat.useItem.minecraft.netherrack":1520,"stat.mineBlock.minecraft.tnt":18,"stat.craftItem.minecraft.bookshelf":40,"stat.mineBlock.minecraft.stonebrick":41,"stat.craftItem.minecraft.cookie":9,"stat.mineBlock.minecraft.glowstone":16,"stat.mobKills":2002,"stat.mineBlock.minecraft.bookshelf":62,"stat.craftItem.minecraft.shears":9,"stat.useItem.minecraft.boat":3,"stat.useItem.minecraft.mossy_cobblestone":21,"stat.craftItem.minecraft.lead":2,"stat.useItem.minecraft.cobblestone_wall":975,"stat.pickup.minecraft.diamond":3,"stat.pickup.minecraft.iron_horse_armor":1,"stat.pickup.minecraft.beetroot_seeds":4,"stat.pickup.minecraft.torch":1773,"stat.drop.minecraft.stone_axe":4,"stat.drop.minecraft.arrow":48,"stat.breakItem.minecraft.stone_sword":6,"stat.useItem.minecraft.string":13,"stat.drop.minecraft.mutton":1,"stat.useItem.minecraft.bookshelf":39,"stat.useItem.minecraft.soul_sand":6,"stat.craftItem.minecraft.iron_axe":6,"stat.killEntity.Blaze":3,"stat.drop.minecraft.shield":1,"stat.useItem.minecraft.poisonous_potato":3,"stat.useItem.minecraft.planks":228,"stat.pickup.minecraft.golden_boots":3,"stat.pickup.minecraft.glowstone_dust":42,"stat.pickup.minecraft.glass":1173,"stat.useItem.minecraft.water_bucket":832,"stat.mineBlock.minecraft.red_mushroom":1,"stat.drop.minecraft.poisonous_potato":92,"stat.pickup.minecraft.sand":14889,"stat.craftItem.minecraft.golden_apple":1,"stat.useItem.minecraft.golden_sword":75,"stat.pickup.minecraft.name_tag":2,"stat.pickup.minecraft.wooden_hoe":1,"stat.craftItem.minecraft.cobblestone_wall":828,"stat.craftItem.minecraft.stone_sword":27,"stat.useItem.minecraft.ender_pearl":1,"stat.mineBlock.minecraft.sand":11181,"stat.craftItem.minecraft.wooden_hoe":1,"stat.craftItem.minecraft.blaze_powder":14,"stat.useItem.minecraft.fence_gate":10,"stat.drop.minecraft.golden_sword":2,"stat.breakItem.minecraft.flint_and_steel":2,"stat.craftItem.minecraft.golden_carrot":2,"stat.breakItem.minecraft.golden_chestplate":1,"stat.pickup.minecraft.wooden_button":6,"stat.drop.minecraft.stone_slab":3,"stat.pickup.minecraft.fence_gate":1,"stat.drop.minecraft.wooden_pressure_plate":5,"stat.useItem.minecraft.minecart":3,"stat.useItem.minecraft.cooked_mutton":15,"stat.pickup.minecraft.furnace":5,"stat.useItem.minecraft.redstone":44,"stat.drop.minecraft.stained_hardened_clay":1,"stat.pickup.minecraft.iron_chestplate":39,"stat.useItem.minecraft.stone_stairs":108,"stat.pickup.minecraft.acacia_door":5,"stat.drop.minecraft.pumpkin_seeds":4,"stat.killEntity.Horse":1,"stat.pickup.minecraft.stone_stairs":74,"stat.craftItem.minecraft.fence_gate":11,"stat.pickup.minecraft.pumpkin_seeds":4,"stat.pickup.minecraft.saddle":4,"stat.mineBlock.minecraft.soul_sand":24,"stat.playOneMinute":7724947,"stat.pickup.minecraft.blaze_rod":5,"stat.drop.minecraft.string":82,"stat.useItem.minecraft.shears":1665,"stat.drop.minecraft.chest":2,"stat.craftItem.minecraft.pumpkin_pie":3,"stat.pickup.minecraft.netherrack":4465,"stat.mineBlock.minecraft.netherrack":4033,"stat.pickup.minecraft.waterlily":7,"stat.mineBlock.minecraft.ice":1,"stat.craftItem.minecraft.redstone_torch":4,"stat.drop.minecraft.flint":19,"stat.craftItem.minecraft.golden_rail":24,"stat.pickup.minecraft.cooked_chicken":713,"stat.fallOneCm":790748,"stat.drop.minecraft.stone":144,"stat.drop.minecraft.dye":7,"stat.pickup.minecraft.melon_seeds":4,"stat.craftItem.minecraft.chest":30,"stat.drop.minecraft.book":10,"stat.pickup.minecraft.melon":3,"stat.drop.minecraft.leaves2":19,"stat.useItem.minecraft.golden_rail":23,"stat.pickup.minecraft.feather":159,"stat.drop.minecraft.iron_leggings":2,"stat.drop.minecraft.bone":392,"stat.pickup.minecraft.record_cat":2,"stat.craftItem.minecraft.wooden_button":7,"stat.useItem.minecraft.furnace":20,"stat.pickup.minecraft.iron_leggings":24,"stat.mineBlock.minecraft.spruce_fence":1,"stat.mineBlock.minecraft.gravel":655,"stat.useItem.minecraft.stone_pickaxe":11919,"stat.breakItem.minecraft.stone_axe":2,"stat.useItem.minecraft.stone_sword":2097,"stat.craftItem.minecraft.iron_leggings":11,"stat.killEntity.Rabbit":2,"stat.useItem.minecraft.wool":1,"stat.craftItem.minecraft.oak_stairs":4,"stat.drop.minecraft.stick":81,"stat.pickup.minecraft.record_13":1,"stat.pickup.minecraft.flint_and_steel":5,"stat.useItem.minecraft.torch":2599,"stat.pickup.minecraft.golden_apple":3,"stat.craftItem.minecraft.stone_stairs":60,"stat.useItem.minecraft.log":44,"stat.pickup.minecraft.crafting_table":45,"stat.drop.minecraft.tallgrass":16,"stat.craftItem.minecraft.crafting_table":20,"stat.craftItem.minecraft.boat":3,"stat.pickup.minecraft.iron_hoe":1,"stat.killEntity.LavaSlime":4,"stat.pickup.minecraft.log":520,"stat.drop.minecraft.sign":1,"stat.pickup.minecraft.compass":1,"stat.breakItem.minecraft.iron_boots":3,"stat.mineBlock.minecraft.golden_rail":20,"stat.pickup.minecraft.tallgrass":48,"stat.drop.minecraft.planks":24,"stat.breakItem.minecraft.iron_helmet":5,"stat.pickup.minecraft.sapling":90,"stat.pickup.minecraft.wooden_door":145,"stat.entityKilledBy.Enderman":8,"stat.breakItem.minecraft.iron_chestplate":1,"stat.drop.minecraft.bow":11,"stat.useItem.minecraft.jungle_door":7,"stat.drop.minecraft.acacia_door":1,"stat.useItem.minecraft.wooden_pressure_plate":12,"stat.pickup.minecraft.golden_sword":17,"stat.craftItem.minecraft.cooked_chicken":23,"stat.useItem.minecraft.stone_hoe":1066,"stat.craftItem.minecraft.sugar":1,"stat.craftItem.minecraft.golden_boots":1,"stat.sneakTime":713,"stat.mineBlock.minecraft.cobblestone_wall":164,"stat.drop.minecraft.bucket":5,"stat.entityKilledBy.Blaze":1,"stat.pickup.minecraft.stone_slab":23,"stat.useItem.minecraft.brewing_stand":1,"stat.pickup.minecraft.yellow_flower":1,"stat.pickup.minecraft.golden_rail":28,"stat.pickup.minecraft.chest":36,"stat.craftItem.minecraft.jungle_door":5,"stat.craftItem.minecraft.enchanting_table":1,"stat.drop.minecraft.stone_pickaxe":19,"stat.craftItem.minecraft.leather_leggings":1,"stat.pickup.minecraft.bone":553,"stat.pickup.minecraft.stone_pressure_plate":2,"stat.pickup.minecraft.redstone_torch":22,"stat.useItem.minecraft.log2":19,"stat.breakItem.minecraft.shield":2,"stat.mineBlock.minecraft.brown_mushroom":5,"stat.mineBlock.minecraft.acacia_fence":25,"stat.useItem.minecraft.diamond_sword":331,"stat.swimOneCm":1683565,"stat.climbOneCm":1258370,"stat.craftItem.minecraft.gold_block":29,"stat.enderchestOpened":44,"stat.drop.minecraft.brown_mushroom":3,"stat.useItem.minecraft.redstone_torch":31,"stat.useItem.minecraft.dirt":3131,"stat.drop.minecraft.quartz":10,"stat.pickup.minecraft.golden_helmet":1,"stat.useItem.minecraft.iron_ore":13,"stat.craftItem.minecraft.trapdoor":62,"stat.useItem.minecraft.golden_pickaxe":59,"stat.craftItem.minecraft.stone_pickaxe":107,"stat.mineBlock.minecraft.magma":76,"stat.pickup.minecraft.cobblestone":9639,"stat.drop.minecraft.fence":31,"stat.useItem.minecraft.stone_shovel":12069,"stat.drop.minecraft.rabbit_hide":6,"stat.pickup.minecraft.glass_bottle":2,"stat.pickup.minecraft.soul_sand":24,"stat.drop.minecraft.wheat_seeds":400,"stat.useItem.minecraft.cooked_beef":451,"stat.pickup.minecraft.cactus":96,"stat.pickup.minecraft.golden_pickaxe":2,"stat.pickup.minecraft.redstone":64,"stat.pickup.minecraft.acacia_boat":43,"stat.mineBlock.minecraft.iron_ore":544,"stat.craftItem.minecraft.book":1,"stat.craftItem.minecraft.acacia_door":90,"stat.useItem.minecraft.sign":45,"stat.drop.minecraft.log":1,"stat.pickup.minecraft.mutton":19,"stat.pickup.minecraft.mossy_cobblestone":86,"stat.useItem.minecraft.noteblock":1,"stat.craftItem.minecraft.cake":1,"stat.drop.minecraft.coal":71,"stat.breakItem.minecraft.golden_sword":3,"stat.pickup.minecraft.stonebrick":41,"stat.drop.minecraft.dirt":150,"stat.useItem.minecraft.cooked_porkchop":1,"stat.pickup.minecraft.iron_shovel":23,"stat.pickup.minecraft.trapdoor":204,"stat.drop.minecraft.beetroot_seeds":3,"stat.mineBlock.minecraft.nether_brick":18,"stat.craftItem.minecraft.acacia_fence":168,"stat.pickup.minecraft.jungle_stairs":1,"stat.drop.minecraft.compass":1,"stat.useItem.minecraft.spruce_fence":1,"stat.pickup.minecraft.sandstone_stairs":267,"stat.pickup.minecraft.paper":146,"stat.craftItem.minecraft.stick":2668,"stat.useItem.minecraft.stone_slab":25,"stat.craftItem.minecraft.jungle_fence_gate":1,"stat.useItem.minecraft.bed":36,"stat.craftItem.minecraft.stone":365,"stat.craftItem.minecraft.gold_nugget":18,"stat.pickup.minecraft.grass":2,"stat.mineBlock.minecraft.crafting_table":30,"stat.drop.minecraft.leaves":105,"stat.useItem.minecraft.diamond_pickaxe":988,"stat.useItem.minecraft.carrot":429,"stat.useItem.minecraft.ender_eye":10,"stat.useItem.minecraft.wooden_shovel":10,"stat.pickup.minecraft.golden_horse_armor":1,"stat.useItem.minecraft.bucket":856,"stat.entityKilledBy.Creeper":6,"stat.breakItem.minecraft.shears":5,"stat.mineBlock.minecraft.planks":280,"stat.drop":1160,"stat.pickup.minecraft.stone_button":1,"stat.killEntity.Sheep":14,"stat.pickup.minecraft.slime_ball":1,"stat.drop.minecraft.iron_boots":3,"stat.craftItem.minecraft.diamond_pickaxe":2,"stat.pickup.minecraft.golden_chestplate":3,"stat.drop.minecraft.bread":120,"stat.pickup.minecraft.gravel":1036,"stat.drop.minecraft.cooked_beef":78,"stat.killEntity.Slime":2,"stat.useItem.minecraft.waterlily":1,"stat.useItem.minecraft.apple":39,"stat.mineBlock.minecraft.deadbush":33,"stat.pickup.minecraft.diamond_sword":3,"stat.useItem.minecraft.wooden_hoe":2,"stat.pickup.minecraft.fence":502,"stat.pickup.minecraft.iron_helmet":34,"stat.useItem.minecraft.stone_axe":772,"stat.craftItem.minecraft.bread":152,"stat.pickup.minecraft.spider_eye":58,"stat.craftItem.minecraft.iron_helmet":15,"stat.useItem.minecraft.stone_button":1,"stat.craftItem.minecraft.rail":208,"stat.useItem.minecraft.cooked_chicken":351,"stat.drop.minecraft.glass":337,"stat.pickup.minecraft.iron_ore":573,"stat.drop.minecraft.pumpkin_pie":3,"stat.boatOneCm":361594,"stat.craftItem.minecraft.flint_and_steel":7,"stat.pickup.minecraft.leaves":1513,"stat.mineBlock.minecraft.leaves2":315,"stat.mineBlock.minecraft.stone_stairs":53,"stat.pickup.minecraft.leather":982,"stat.mineBlock.minecraft.furnace":6,"stat.useItem.minecraft.wooden_pickaxe":242,"stat.pickup.minecraft.reeds":349,"stat.killEntity.CaveSpider":4,"stat.craftItem.minecraft.birch_fence":24,"stat.useItem.minecraft.magma":8,"stat.damageDealt":233667,"stat.craftItem.minecraft.glass":1564,"stat.drop.minecraft.cooked_chicken":338,"stat.sleepInBed":51,"stat.craftItem.minecraft.anvil":2,"stat.killEntity.Cow":558,"stat.useItem.minecraft.crafting_table":46,"stat.pickup.minecraft.minecart":3,"stat.craftItem.minecraft.iron_sword":18,"stat.craftItem.minecraft.stone_shovel":97,"stat.pickup.minecraft.boat":1,"stat.walkOneCm":26366019,"stat.pickup.minecraft.stick":993,"stat.pickup.minecraft.clay_ball":32,"stat.breakItem.minecraft.stone_pickaxe":83,"stat.pickup.minecraft.tnt":18,"stat.drop.minecraft.iron_chestplate":5,"stat.pickup.minecraft.stone":2326,"stat.mineBlock.minecraft.wool":1,"stat.drop.minecraft.emerald":18,"stat.craftItem.minecraft.redstone":28,"stat.useItem.minecraft.cactus":3,"stat.pickup.minecraft.gold_ingot":12,"stat.killEntity.Skeleton":809,"stat.mineBlock.minecraft.cactus":26,"stat.killEntity.Chicken":30,"stat.drop.minecraft.crafting_table":1,"stat.mineBlock.minecraft.redstone_torch":22,"stat.killEntity.Spider":71,"stat.pickup.minecraft.bread":189,"stat.mineBlock.minecraft.quartz_ore":320,"stat.pickup.minecraft.quartz":312,"stat.craftItem.minecraft.fence":276,"stat.pickup.minecraft.birch_fence":22,"stat.craftItem.minecraft.jungle_fence":81,"stat.useItem.minecraft.golden_apple":1,"stat.pickup.minecraft.water_bucket":16,"stat.breakItem.minecraft.iron_axe":1,"stat.mineBlock.minecraft.leaves":1867,"stat.mineBlock.minecraft.redstone_ore":6,"stat.pickup.minecraft.lava_bucket":1,"stat.drop.minecraft.beef":2,"stat.mineBlock.minecraft.stone":5164,"stat.breakItem.minecraft.wooden_pickaxe":3,"stat.useItem.minecraft.sandstone":2089}